x,y,z
0.0,0.0,0.0
19.6,15.2,8.268
39.2,30.4,7.391
19.6,15.8,8.382
0.0,0.8,0.0
39.2,31.0,6.947
58.8,46.2,0.0
0.0,1.4,0.0
19.6,16.6,8.478
39.2,31.8,6.505
39.2,32.4,5.814
0.0,2.2,0.0
19.6,17.400000000000002,8.311
58.8,47.0,0.0
0.0,2.8000000000000003,0.0
19.6,18.0,8.259
39.2,33.2,4.971
58.8,47.6,0.0
0.0,3.6,0.0
19.6,18.8,8.517
39.2,34.0,4.347
19.6,19.4,8.698
0.0,4.4,0.0
39.2,34.6,3.762
58.8,49.0,0.0
0.0,5.0,0.0
19.6,20.200000000000003,8.763
39.2,35.4,3.268
39.2,36.0,2.702
0.0,5.800000000000001,0.0
19.6,21.0,8.739
0.0,6.4,0.0
19.6,21.6,8.674
39.2,36.8,2.074
0.0,7.2,0.0
19.6,22.4,8.605
39.2,37.6,1.757
19.6,23.0,8.404
0.0,8.0,0.0
39.2,38.2,1.404
0.0,8.6,0.0
19.6,23.8,8.382
39.2,39.0,0.55
39.2,39.6,0.168
0.0,9.4,0.0
19.6,24.6,8.467
19.6,25.200000000000003,8.46
0.0,10.2,0.0
39.2,40.400000000000006,0.078
0.0,10.8,0.0
19.6,26.0,8.362
39.2,41.2,0.0
39.2,41.8,0.0
0.0,11.6,0.0
19.6,26.8,8.298
0.0,12.2,0.0
19.6,27.4,8.179
39.2,42.6,0.0
0.0,13.0,0.0
19.6,28.200000000000003,7.808
39.2,43.400000000000006,0.0
19.6,28.8,7.724
0.0,13.8,0.0
39.2,44.0,0.0
0.0,14.4,0.0
19.6,29.6,7.605
39.2,44.8,0.0
39.2,45.400000000000006,0.0
0.0,15.2,0.0
19.6,30.4,7.411
0.0,15.8,0.0
19.6,31.0,7.26
39.2,46.2,0.068
0.0,16.6,0.0
19.6,31.8,6.707
39.2,47.0,0.0
19.6,32.4,6.348
0.0,17.400000000000002,0.0
39.2,47.6,0.0
0.0,18.0,0.0
19.6,33.2,5.818
39.2,48.400000000000006,0.0
39.2,49.0,0.0
0.0,18.8,0.0
19.6,34.0,5.25
0.0,19.4,0.0
19.6,34.6,4.736
39.2,49.8,0.0
0.0,20.200000000000003,0.0
19.6,35.4,3.991
19.6,36.0,3.54
0.0,21.0,0.0
0.0,21.6,0.0
19.6,36.8,2.656
0.0,22.4,0.0
19.6,37.6,2.291
0.0,23.0,0.0
19.6,38.2,1.876
0.0,23.8,0.0
19.6,39.0,1.421
19.6,39.6,0.942
0.0,24.6,0.0
0.0,25.200000000000003,0.0
19.6,40.400000000000006,0.21
0.0,26.0,0.0
19.6,41.2,0.131
19.6,41.8,0.0
0.0,26.8,0.0
0.0,27.4,0.0
19.6,42.6,0.077
0.0,28.200000000000003,0.0
19.6,43.400000000000006,0.127
0.0,28.8,0.0
19.6,44.0,0.0
0.0,29.6,0.0
19.6,44.8,0.123
19.6,45.400000000000006,0.108
0.0,30.4,0.0
0.0,31.0,0.0
19.6,46.2,0.079
0.0,31.8,0.0
19.6,47.0,0.0
0.0,32.4,0.0
19.6,47.6,0.0
0.0,33.2,0.0
19.6,48.400000000000006,0.0
19.6,49.0,0.073
0.0,34.0,0.0
0.0,34.6,0.0
19.6,49.8,0.0
0.0,35.4,0.0
0.0,36.0,0.0
0.0,36.8,0.0
0.0,37.6,0.0
0.0,38.2,0.0
0.0,39.0,0.0
0.0,39.6,0.0
0.0,40.400000000000006,0.0
0.0,41.2,0.0
0.0,41.8,0.0
0.0,42.6,0.0
0.0,43.400000000000006,0.0
0.0,44.0,0.0
0.0,44.8,0.0
0.0,45.400000000000006,0.0
0.0,46.2,0.0
0.0,47.0,0.0
0.0,47.6,0.0
0.0,48.400000000000006,0.0
0.0,49.0,0.0
0.0,49.8,0.0
65.8,0.0,0.0
65.8,0.8,0.323
65.8,1.4,0.762
65.8,2.2,1.181
65.8,2.8000000000000003,1.528
65.8,3.6,1.981
65.8,4.4,2.456
65.8,5.0,2.921
65.8,5.800000000000001,3.394
65.8,6.4,3.685
65.8,7.2,4.224
65.8,8.0,4.631
65.8,8.6,5.093
65.8,9.4,5.464
65.8,10.2,6.017
65.8,10.8,6.37
65.8,11.6,6.78
65.8,12.2,7.162
65.8,13.0,7.662
65.8,13.8,7.782
65.8,14.4,7.792
46.2,0.0,0.0
65.8,15.2,7.583
65.8,15.8,7.46
46.2,0.8,0.307
46.2,1.4,0.572
65.8,16.6,7.371
46.2,2.2,1.001
65.8,17.400000000000002,7.282
46.2,2.8000000000000003,1.334
65.8,18.0,7.292
46.2,3.6,1.771
65.8,18.8,7.287
65.8,19.4,7.041
46.2,4.4,2.148
46.2,5.0,2.401
65.8,20.200000000000003,7.318
46.2,5.800000000000001,2.863
65.8,21.0,7.182
46.2,6.4,3.209
65.8,21.6,7.259
46.2,7.2,3.563
65.8,22.4,6.913
65.8,23.0,6.937
46.2,8.0,3.921
46.2,8.6,4.304
65.8,23.8,7.185
46.2,9.4,4.705
65.8,24.6,7.084
65.8,25.200000000000003,6.823
46.2,10.2,5.085
46.2,10.8,5.432
65.8,26.0,6.796
46.2,11.6,5.727
65.8,26.8,6.764
46.2,12.2,6.092
65.8,27.4,6.608
46.2,13.0,6.51
65.8,28.200000000000003,6.625
65.8,28.8,6.621
46.2,13.8,6.921
46.2,14.4,7.219
65.8,29.6,6.569
26.6,0.0,0.0
46.2,15.2,7.616
65.8,30.4,6.503
46.2,15.8,7.975
26.6,0.8,0.298
65.8,31.0,6.238
26.6,1.4,0.709
46.2,16.6,8.306
65.8,31.8,5.884
65.8,32.4,5.559
26.6,2.2,1.207
46.2,17.400000000000002,8.726
26.6,2.8000000000000003,1.568
46.2,18.0,9.104
65.8,33.2,5.053
26.6,3.6,1.988
46.2,18.8,9.067
65.8,34.0,4.504
46.2,19.4,9.133
26.6,4.4,2.482
65.8,34.6,3.982
26.6,5.0,2.788
46.2,20.200000000000003,9.105
65.8,35.4,3.538
65.8,36.0,3.161
26.6,5.800000000000001,3.23
46.2,21.0,8.77
26.6,6.4,3.61
46.2,21.6,8.59
65.8,36.8,2.42
26.6,7.2,3.99
46.2,22.4,8.687
65.8,37.6,1.775
46.2,23.0,8.813
26.6,8.0,4.466
65.8,38.2,1.057
26.6,8.6,4.898
46.2,23.8,8.553
65.8,39.0,0.806
65.8,39.6,0.321
26.6,9.4,5.353
46.2,24.6,8.43
46.2,25.200000000000003,8.268
26.6,10.2,5.787
65.8,40.400000000000006,0.278
26.6,10.8,6.117
46.2,26.0,8.353
65.8,41.2,0.161
65.8,41.8,0.143
26.6,11.6,6.61
46.2,26.8,8.513
26.6,12.2,7.003
46.2,27.4,8.389
65.8,42.6,0.214
26.6,13.0,7.413
46.2,28.200000000000003,8.525
65.8,43.400000000000006,0.128
46.2,28.8,8.372
26.6,13.8,7.933
65.8,44.0,0.152
71.60000000000001,32.4,1.078
26.6,14.4,8.171
46.2,29.6,7.832
65.8,44.8,0.129
65.8,45.400000000000006,0.112
7.0,0.0,0.0
26.6,15.2,8.623
46.2,30.4,7.464
26.6,15.8,8.98
7.0,0.8,0.092
46.2,31.0,6.952
65.8,46.2,0.145
7.0,1.4,0.247
26.6,16.6,9.496
46.2,31.8,6.289
46.2,32.4,5.749
7.0,2.2,0.429
26.6,17.400000000000002,9.536
65.8,47.0,0.132
7.0,2.8000000000000003,0.613
26.6,18.0,9.669
46.2,33.2,5.249
65.8,47.6,0.1
7.0,3.6,0.692
26.6,18.8,9.6
46.2,34.0,4.453
26.6,19.4,9.292
7.0,4.4,0.767
46.2,34.6,3.932
65.8,49.0,0.0
7.0,5.0,0.835
26.6,20.200000000000003,9.264
46.2,35.4,3.403
46.2,36.0,3.086
7.0,5.800000000000001,0.907
26.6,21.0,9.374
7.0,6.4,1.007
26.6,21.6,9.122
46.2,36.8,2.481
7.0,7.2,0.987
26.6,22.4,9.065
46.2,37.6,1.929
26.6,23.0,8.978
7.0,8.0,1.151
46.2,38.2,1.535
7.0,8.6,1.12
26.6,23.8,9.007
46.2,39.0,0.839
46.2,39.6,0.376
7.0,9.4,1.117
26.6,24.6,8.861
26.6,25.200000000000003,8.616
7.0,10.2,1.03
46.2,40.400000000000006,0.136
71.60000000000001,34.6,1.584
7.0,10.8,0.935
26.6,26.0,8.613
46.2,41.2,0.08
46.2,41.8,0.099
7.0,11.6,0.738
26.6,26.8,8.687
7.0,12.2,0.614
26.6,27.4,8.661
46.2,42.6,0.117
7.0,13.0,0.561
26.6,28.200000000000003,8.852
46.2,43.400000000000006,0.0
26.6,28.8,8.678
7.0,13.8,0.547
46.2,44.0,0.071
7.0,14.4,0.417
26.6,29.6,8.182
46.2,44.8,0.0
46.2,45.400000000000006,0.0
7.0,15.2,0.504
26.6,30.4,7.682
7.0,15.8,0.377
26.6,31.0,7.298
46.2,46.2,0.08
72.60000000000001,0.0,0.0
7.0,16.6,0.304
26.6,31.8,6.79
46.2,47.0,0.0
26.6,32.4,6.262
7.0,17.400000000000002,0.299
46.2,47.6,0.0
71.60000000000001,36.0,1.391
7.0,18.0,0.359
26.6,33.2,5.627
46.2,48.400000000000006,0.0
46.2,49.0,0.0
7.0,18.8,0.04
26.6,34.0,5.036
72.60000000000001,1.4,0.742
7.0,19.4,0.317
26.6,34.6,4.547
46.2,49.8,0.0
72.60000000000001,2.2,1.345
7.0,20.200000000000003,0.267
26.6,35.4,4.065
72.60000000000001,2.8000000000000003,1.698
26.6,36.0,3.603
7.0,21.0,0.115
72.60000000000001,3.6,2.232
72.60000000000001,4.4,2.74
7.0,21.6,0.117
26.6,36.8,2.929
72.60000000000001,5.0,2.845
72.60000000000001,5.800000000000001,2.283
7.0,22.4,0.152
26.6,37.6,2.33
72.60000000000001,6.4,2.331
7.0,23.0,0.171
26.6,38.2,1.921
72.60000000000001,7.2,2.642
7.0,23.8,0.087
26.6,39.0,1.141
72.60000000000001,8.0,2.877
26.6,39.6,0.762
7.0,24.6,0.074
72.60000000000001,8.6,2.595
7.0,25.200000000000003,0.0
26.6,40.400000000000006,0.148
72.60000000000001,9.4,2.74
7.0,26.0,0.0
26.6,41.2,0.185
72.60000000000001,10.2,2.565
26.6,41.8,0.134
7.0,26.8,0.0
72.60000000000001,10.8,2.194
7.0,27.4,0.0
26.6,42.6,0.092
72.60000000000001,11.6,2.016
71.60000000000001,38.2,0.203
7.0,28.200000000000003,0.0
26.6,43.400000000000006,0.0
72.60000000000001,12.2,2.163
7.0,28.8,0.0
26.6,44.0,0.117
72.60000000000001,13.0,1.65
7.0,29.6,0.0
26.6,44.8,0.117
72.60000000000001,13.8,1.764
26.6,45.400000000000006,0.1
7.0,30.4,0.0
72.60000000000001,14.4,1.935
7.0,31.0,0.067
26.6,46.2,0.0
53.0,0.0,0.0
72.60000000000001,15.2,1.563
7.0,31.8,0.0
26.6,47.0,0.0
53.0,0.8,0.334
7.0,32.4,0.0
26.6,47.6,0.077
53.0,1.4,0.618
72.60000000000001,15.8,1.356
7.0,33.2,0.0
26.6,48.400000000000006,0.0
53.0,2.2,1.044
26.6,49.0,0.0
7.0,34.0,0.0
53.0,2.8000000000000003,1.328
72.60000000000001,16.6,1.268
7.0,34.6,0.0
26.6,49.8,0.0
53.0,3.6,1.792
71.60000000000001,39.6,0.134
7.0,35.4,0.0
53.0,4.4,2.214
72.60000000000001,18.0,1.595
7.0,36.0,0.0
53.0,5.0,2.51
72.60000000000001,18.8,1.478
72.60000000000001,19.4,1.654
7.0,36.8,0.0
53.0,5.800000000000001,2.927
72.60000000000001,20.200000000000003,1.556
72.60000000000001,21.0,1.033
7.0,37.6,0.0
53.0,6.4,3.148
72.60000000000001,21.6,1.314
7.0,38.2,0.0
53.0,7.2,3.643
72.60000000000001,22.4,1.495
7.0,39.0,0.0
53.0,8.0,4.088
72.60000000000001,23.0,1.065
7.0,39.6,0.0
53.0,8.6,4.373
72.60000000000001,23.8,1.03
7.0,40.400000000000006,0.0
53.0,9.4,4.77
72.60000000000001,24.6,1.356
7.0,41.2,0.0
53.0,10.2,5.213
72.60000000000001,25.200000000000003,1.385
7.0,41.8,0.0
53.0,10.8,5.457
72.60000000000001,26.0,1.309
7.0,42.6,0.0
53.0,11.6,5.894
72.60000000000001,26.8,0.632
7.0,43.400000000000006,0.0
53.0,12.2,6.218
72.60000000000001,27.4,1.15
7.0,44.0,0.0
53.0,13.0,6.627
72.60000000000001,28.200000000000003,0.436
7.0,44.8,0.0
53.0,13.8,7.012
72.60000000000001,28.8,0.559
7.0,45.400000000000006,0.0
53.0,14.4,7.395
72.60000000000001,29.6,0.724
7.0,46.2,0.0
33.4,0.0,0.0
53.0,15.2,7.789
71.60000000000001,41.8,0.148
7.0,47.0,0.0
33.4,0.8,0.349
53.0,15.8,8.024
7.0,47.6,0.0
33.4,1.4,0.746
53.0,16.6,8.466
72.60000000000001,30.4,0.867
7.0,48.400000000000006,0.0
33.4,2.2,1.272
53.0,17.400000000000002,8.877
7.0,49.0,0.0
33.4,2.8000000000000003,1.672
53.0,18.0,9.168
72.60000000000001,31.8,0.833
7.0,49.8,0.0
33.4,3.6,2.209
53.0,18.8,9.634
72.60000000000001,33.2,0.606
53.0,19.4,9.446
33.4,4.4,2.846
72.60000000000001,34.0,0.809
72.60000000000001,34.6,0.749
33.4,5.0,3.206
53.0,20.200000000000003,9.132
72.60000000000001,35.4,0.639
72.60000000000001,36.0,0.712
33.4,5.800000000000001,3.768
53.0,21.0,9.116
33.4,6.4,4.158
53.0,21.6,9.217
72.60000000000001,36.8,0.427
33.4,7.2,4.626
53.0,22.4,9.224
72.60000000000001,37.6,0.067
53.0,23.0,9.151
33.4,8.0,5.217
72.60000000000001,38.2,0.125
33.4,8.6,5.611
53.0,23.8,8.883
72.60000000000001,39.0,0.092
72.60000000000001,39.6,0.096
33.4,9.4,6.085
53.0,24.6,9.085
53.0,25.200000000000003,9.15
33.4,10.2,6.583
72.60000000000001,40.400000000000006,0.088
33.4,10.8,7.025
53.0,26.0,8.86
71.60000000000001,44.0,0.0
72.60000000000001,41.2,0.0
33.4,11.6,7.526
53.0,26.8,8.589
72.60000000000001,41.8,0.086
33.4,12.2,7.906
53.0,27.4,8.579
72.60000000000001,42.6,0.081
33.4,13.0,8.481
53.0,28.200000000000003,8.693
72.60000000000001,43.400000000000006,0.0
53.0,28.8,8.49
33.4,13.8,8.976
72.60000000000001,44.0,0.0
33.4,14.4,9.416
53.0,29.6,8.039
72.60000000000001,44.8,0.0
72.60000000000001,45.400000000000006,0.0
13.8,0.0,0.0
33.4,15.2,9.611
53.0,30.4,7.631
33.4,15.8,9.709
13.8,0.8,0.385
53.0,31.0,7.201
72.60000000000001,46.2,0.0
13.8,1.4,0.784
33.4,16.6,9.898
53.0,31.8,6.443
53.0,32.4,6.033
13.8,2.2,1.197
33.4,17.400000000000002,9.519
72.60000000000001,47.0,0.0
13.8,2.8000000000000003,1.592
33.4,18.0,9.046
53.0,33.2,5.431
72.60000000000001,47.6,0.0
13.8,3.6,2.203
33.4,18.8,8.868
53.0,34.0,4.667
33.4,19.4,8.887
13.8,4.4,2.668
53.0,34.6,3.815
72.60000000000001,49.0,0.0
13.8,5.0,2.982
33.4,20.200000000000003,8.777
53.0,35.4,3.292
53.0,36.0,2.819
13.8,5.800000000000001,3.471
33.4,21.0,8.793
13.8,6.4,3.874
33.4,21.6,9.098
53.0,36.8,2.256
13.8,7.2,4.454
33.4,22.4,9.17
53.0,37.6,1.813
33.4,23.0,8.731
13.8,8.0,4.909
53.0,38.2,1.315
13.8,8.6,5.299
33.4,23.8,8.809
53.0,39.0,0.678
53.0,39.6,0.067
13.8,9.4,5.479
33.4,24.6,8.879
33.4,25.200000000000003,8.907
13.8,10.2,5.274
53.0,40.400000000000006,0.0
13.8,10.8,5.279
33.4,26.0,8.627
53.0,41.2,0.0
53.0,41.8,0.0
13.8,11.6,5.239
33.4,26.8,8.57
13.8,12.2,5.133
33.4,27.4,8.624
53.0,42.6,0.0
13.8,13.0,4.986
33.4,28.200000000000003,8.897
53.0,43.400000000000006,0.0
33.4,28.8,8.679
13.8,13.8,5.039
53.0,44.0,0.0
13.8,14.4,5.12
33.4,29.6,7.926
53.0,44.8,0.0
53.0,45.400000000000006,0.0
13.8,15.2,5.169
33.4,30.4,7.567
13.8,15.8,5.066
33.4,31.0,7.157
53.0,46.2,0.0
13.8,16.6,4.791
33.4,31.8,6.641
53.0,47.0,0.0
33.4,32.4,6.202
13.8,17.400000000000002,4.743
53.0,47.6,0.0
13.8,18.0,4.735
33.4,33.2,5.674
53.0,48.400000000000006,0.0
53.0,49.0,0.0
13.8,18.8,4.587
33.4,34.0,4.931
13.8,19.4,4.704
33.4,34.6,4.578
53.0,49.8,0.0
13.8,20.200000000000003,4.877
33.4,35.4,3.899
33.4,36.0,3.459
13.8,21.0,4.905
13.8,21.6,4.859
33.4,36.8,2.778
13.8,22.4,4.793
33.4,37.6,2.045
13.8,23.0,4.638
33.4,38.2,1.584
13.8,23.8,4.359
33.4,39.0,0.932
33.4,39.6,0.677
13.8,24.6,4.453
13.8,25.200000000000003,4.493
33.4,40.400000000000006,0.007
13.8,26.0,4.609
33.4,41.2,0.0
33.4,41.8,0.0
13.8,26.8,4.307
13.8,27.4,4.302
33.4,42.6,0.0
13.8,28.200000000000003,4.553
33.4,43.400000000000006,0.0
13.8,28.8,4.69
33.4,44.0,0.0
13.8,29.6,4.646
33.4,44.8,0.0
33.4,45.400000000000006,0.0
13.8,30.4,4.357
13.8,31.0,4.122
33.4,46.2,0.0
13.8,31.8,3.819
33.4,47.0,0.0
13.8,32.4,3.686
33.4,47.6,0.0
13.8,33.2,3.455
33.4,48.400000000000006,0.0
33.4,49.0,0.0
13.8,34.0,3.319
13.8,34.6,3.201
33.4,49.8,0.0
13.8,35.4,2.955
13.8,36.0,2.629
13.8,36.8,2.218
13.8,37.6,1.721
13.8,38.2,1.319
13.8,39.0,0.749
13.8,39.6,0.373
13.8,40.400000000000006,0.139
13.8,41.2,0.0
13.8,41.8,0.0
13.8,42.6,0.087
13.8,43.400000000000006,0.076
61.2,48.400000000000006,0.0
13.8,44.0,0.0
13.8,44.8,0.102
13.8,45.400000000000006,0.073
13.8,46.2,0.0
13.8,47.0,0.082
13.8,47.6,0.0
13.8,48.400000000000006,0.0
13.8,49.0,0.0
13.8,49.8,0.0
61.2,49.8,0.0
79.60000000000001,0.0,0.0
79.60000000000001,0.8,0.0
79.60000000000001,1.4,0.0
79.60000000000001,2.2,0.0
79.60000000000001,2.8000000000000003,0.0
79.60000000000001,3.6,0.0
79.60000000000001,4.4,0.0
79.60000000000001,5.0,0.0
79.60000000000001,5.800000000000001,0.0
79.60000000000001,6.4,0.0
79.60000000000001,7.2,0.0
79.60000000000001,8.0,0.0
79.60000000000001,8.6,0.0
79.60000000000001,9.4,0.0
79.60000000000001,10.2,0.0
79.60000000000001,10.8,0.0
79.60000000000001,11.6,0.0
79.60000000000001,12.2,0.0
79.60000000000001,13.0,0.0
79.60000000000001,13.8,0.0
79.60000000000001,14.4,0.0
60.0,0.0,0.0
79.60000000000001,15.2,0.0
79.60000000000001,15.8,0.0
60.0,0.8,0.455
60.0,1.4,0.856
79.60000000000001,16.6,0.0
60.0,2.2,1.28
79.60000000000001,17.400000000000002,0.0
60.0,2.8000000000000003,1.683
79.60000000000001,18.0,0.0
60.0,3.6,2.343
79.60000000000001,18.8,0.0
79.60000000000001,19.4,0.0
60.0,4.4,2.794
60.0,5.0,3.214
79.60000000000001,20.200000000000003,0.0
60.0,5.800000000000001,3.7
79.60000000000001,21.0,0.0
60.0,6.4,4.178
79.60000000000001,21.6,0.0
60.0,7.2,4.762
79.60000000000001,22.4,0.0
79.60000000000001,23.0,0.0
60.0,8.0,5.253
60.0,8.6,5.674
79.60000000000001,23.8,0.0
60.0,9.4,6.235
79.60000000000001,24.6,0.0
79.60000000000001,25.200000000000003,0.0
60.0,10.2,6.741
60.0,10.8,7.146
79.60000000000001,26.0,0.0
60.0,11.6,7.699
79.60000000000001,26.8,0.0
60.0,12.2,8.008
79.60000000000001,27.4,0.0
60.0,13.0,8.622
79.60000000000001,28.200000000000003,0.0
79.60000000000001,28.8,0.0
60.0,13.8,8.951
60.0,14.4,9.133
79.60000000000001,29.6,0.0
40.400000000000006,0.0,0.0
60.0,15.2,9.208
79.60000000000001,30.4,0.0
60.0,15.8,9.288
40.400000000000006,0.8,0.365
79.60000000000001,31.0,0.0
40.400000000000006,1.4,0.642
60.0,16.6,9.216
79.60000000000001,31.8,0.0
79.60000000000001,32.4,0.0
40.400000000000006,2.2,1.135
60.0,17.400000000000002,9.202
40.400000000000006,2.8000000000000003,1.384
60.0,18.0,9.236
79.60000000000001,33.2,0.0
40.400000000000006,3.6,1.839
60.0,18.8,9.198
79.60000000000001,34.0,0.0
60.0,19.4,9.085
40.400000000000006,4.4,2.325
79.60000000000001,34.6,0.0
40.400000000000006,5.0,2.599
60.0,20.200000000000003,9.077
79.60000000000001,35.4,0.0
79.60000000000001,36.0,0.0
40.400000000000006,5.800000000000001,3.083
60.0,21.0,9.245
40.400000000000006,6.4,3.413
60.0,21.6,9.154
79.60000000000001,36.8,0.0
40.400000000000006,7.2,3.855
60.0,22.4,8.977
79.60000000000001,37.6,0.0
60.0,23.0,8.967
40.400000000000006,8.0,4.326
79.60000000000001,38.2,0.0
40.400000000000006,8.6,4.641
60.0,23.8,8.96
79.60000000000001,39.0,0.0
79.60000000000001,39.6,0.0
40.400000000000006,9.4,5.036
60.0,24.6,8.905
60.0,25.200000000000003,8.81
40.400000000000006,10.2,5.491
79.60000000000001,40.400000000000006,0.0
40.400000000000006,10.8,5.779
60.0,26.0,8.783
79.60000000000001,41.2,0.0
79.60000000000001,41.8,0.0
40.400000000000006,11.6,6.236
60.0,26.8,8.68
40.400000000000006,12.2,6.63
60.0,27.4,8.457
79.60000000000001,42.6,0.0
40.400000000000006,13.0,7.026
60.0,28.200000000000003,8.431
79.60000000000001,43.400000000000006,0.0
60.0,28.8,8.307
40.400000000000006,13.8,7.481
79.60000000000001,44.0,0.0
40.400000000000006,14.4,7.81
60.0,29.6,8.03
79.60000000000001,44.8,0.0
79.60000000000001,45.400000000000006,0.0
20.8,0.0,0.0
40.400000000000006,15.2,8.191
60.0,30.4,7.512
40.400000000000006,15.8,8.536
20.8,0.8,0.322
60.0,31.0,7.092
79.60000000000001,46.2,0.0
20.8,1.4,0.682
40.400000000000006,16.6,8.849
60.0,31.8,6.504
60.0,32.4,5.973
20.8,2.2,1.122
40.400000000000006,17.400000000000002,8.976
79.60000000000001,47.0,0.0
20.8,2.8000000000000003,1.532
40.400000000000006,18.0,9.027
60.0,33.2,5.331
79.60000000000001,47.6,0.0
20.8,3.6,1.955
40.400000000000006,18.8,8.97
60.0,34.0,4.715
40.400000000000006,19.4,8.925
20.8,4.4,2.461
60.0,34.6,4.266
79.60000000000001,49.0,0.0
20.8,5.0,2.751
40.400000000000006,20.200000000000003,8.908
60.0,35.4,3.5
60.0,36.0,3.107
20.8,5.800000000000001,3.186
40.400000000000006,21.0,8.678
20.8,6.4,3.648
40.400000000000006,21.6,8.561
60.0,36.8,2.293
20.8,7.2,4.025
40.400000000000006,22.4,8.742
60.0,37.6,1.714
40.400000000000006,23.0,8.616
20.8,8.0,4.448
60.0,38.2,1.153
20.8,8.6,4.85
40.400000000000006,23.8,8.361
60.0,39.0,0.314
60.0,39.6,-0.006
20.8,9.4,5.348
40.400000000000006,24.6,8.138
40.400000000000006,25.200000000000003,8.012
20.8,10.2,5.819
60.0,40.400000000000006,0.0
20.8,10.8,6.161
40.400000000000006,26.0,7.866
60.0,41.2,0.0
60.0,41.8,0.0
20.8,11.6,6.642
40.400000000000006,26.8,8.108
20.8,12.2,6.93
40.400000000000006,27.4,8.421
60.0,42.6,0.0
20.8,13.0,7.454
40.400000000000006,28.200000000000003,8.779
60.0,43.400000000000006,0.0
40.400000000000006,28.8,8.554
20.8,13.8,7.842
60.0,44.0,0.0
20.8,14.4,8.207
40.400000000000006,29.6,8.053
60.0,44.8,0.0
60.0,45.400000000000006,0.0
1.2000000000000002,0.0,0.0
20.8,15.2,8.714
40.400000000000006,30.4,7.589
20.8,15.8,9.024
1.2000000000000002,0.8,0.0
40.400000000000006,31.0,7.071
60.0,46.2,0.0
1.2000000000000002,1.4,0.0
20.8,16.6,8.981
40.400000000000006,31.8,6.496
40.400000000000006,32.4,6.018
1.2000000000000002,2.2,0.0
20.8,17.400000000000002,8.934
60.0,47.0,0.0
1.2000000000000002,2.8000000000000003,0.0
20.8,18.0,9.069
39.2,29.6,7.811
40.400000000000006,33.2,5.37
1.2000000000000002,3.6,0.0
20.8,18.8,9.085
40.400000000000006,34.0,4.697
20.8,19.4,9.25
1.2000000000000002,4.4,0.0
40.400000000000006,34.6,4.355
60.0,49.0,0.0
1.2000000000000002,5.0,0.0
20.8,20.200000000000003,9.316
40.400000000000006,35.4,3.699
40.400000000000006,36.0,3.222
1.2000000000000002,5.800000000000001,0.0
20.8,21.0,9.314
1.2000000000000002,6.4,0.0
20.8,21.6,9.232
40.400000000000006,36.8,2.6
1.2000000000000002,7.2,0.0
20.8,22.4,9.058
40.400000000000006,37.6,1.906
20.8,23.0,9.002
1.2000000000000002,8.0,0.0
40.400000000000006,38.2,1.289
1.2000000000000002,8.6,0.0
20.8,23.8,8.928
40.400000000000006,39.0,0.729
40.400000000000006,39.6,0.305
1.2000000000000002,9.4,0.0
20.8,24.6,8.991
20.8,25.200000000000003,8.917
1.2000000000000002,10.2,0.0
40.400000000000006,40.400000000000006,0.146
1.2000000000000002,10.8,0.0
20.8,26.0,8.699
40.400000000000006,41.2,0.1
40.400000000000006,41.8,0.162
1.2000000000000002,11.6,0.0
20.8,26.8,8.71
1.2000000000000002,12.2,0.0
20.8,27.4,8.303
40.400000000000006,42.6,0.119
1.2000000000000002,13.0,0.0
20.8,28.200000000000003,8.121
40.400000000000006,43.400000000000006,0.143
20.8,28.8,8.207
1.2000000000000002,13.8,0.0
40.400000000000006,44.0,0.106
1.2000000000000002,14.4,0.0
20.8,29.6,8.178
40.400000000000006,44.8,0.108
40.400000000000006,45.400000000000006,0.086
1.2000000000000002,15.2,0.0
20.8,30.4,7.851
1.2000000000000002,15.8,0.0
20.8,31.0,7.532
40.400000000000006,46.2,0.0
1.2000000000000002,16.6,0.0
20.8,31.8,6.878
40.400000000000006,47.0,0.071
20.8,32.4,6.412
1.2000000000000002,17.400000000000002,0.0
40.400000000000006,47.6,0.075
1.2000000000000002,18.0,0.0
20.8,33.2,5.757
40.400000000000006,48.400000000000006,0.0
40.400000000000006,49.0,0.0
1.2000000000000002,18.8,0.0
20.8,34.0,5.107
1.2000000000000002,19.4,0.0
20.8,34.6,4.707
40.400000000000006,49.8,0.0
70.4,48.400000000000006,0.0
1.2000000000000002,20.200000000000003,0.0
20.8,35.4,4.195
20.8,36.0,3.777
1.2000000000000002,21.0,0.0
1.2000000000000002,21.6,0.0
20.8,36.8,3.05
1.2000000000000002,22.4,0.0
20.8,37.6,2.448
1.2000000000000002,23.0,0.0
20.8,38.2,2.05
1.2000000000000002,23.8,0.0
20.8,39.0,1.375
20.8,39.6,0.83
1.2000000000000002,24.6,0.0
1.2000000000000002,25.200000000000003,0.0
20.8,40.400000000000006,0.141
1.2000000000000002,26.0,0.0
20.8,41.2,0.0
20.8,41.8,0.127
1.2000000000000002,26.8,0.0
70.4,49.8,0.0
1.2000000000000002,27.4,0.0
20.8,42.6,0.0
1.2000000000000002,28.200000000000003,0.0
20.8,43.400000000000006,0.133
1.2000000000000002,28.8,0.0
20.8,44.0,0.128
1.2000000000000002,29.6,0.0
20.8,44.8,0.0
20.8,45.400000000000006,0.0
1.2000000000000002,30.4,0.0
1.2000000000000002,31.0,0.0
20.8,46.2,0.0
47.2,0.0,0.0
1.2000000000000002,31.8,0.0
20.8,47.0,0.0
47.2,0.8,0.356
1.2000000000000002,32.4,0.0
20.8,47.6,0.0
47.2,1.4,0.616
1.2000000000000002,33.2,0.0
20.8,48.400000000000006,0.0
47.2,2.2,0.991
20.8,49.0,0.0
1.2000000000000002,34.0,0.0
47.2,2.8000000000000003,1.329
1.2000000000000002,34.6,0.0
20.8,49.8,0.0
47.2,3.6,1.657
1.2000000000000002,35.4,0.0
47.2,4.4,2.086
1.2000000000000002,36.0,0.0
47.2,5.0,2.39
1.2000000000000002,36.8,0.0
47.2,5.800000000000001,2.77
1.2000000000000002,37.6,0.0
47.2,6.4,3.118
1.2000000000000002,38.2,0.0
47.2,7.2,3.59
1.2000000000000002,39.0,0.0
47.2,8.0,3.891
1.2000000000000002,39.6,0.0
47.2,8.6,4.186
1.2000000000000002,40.400000000000006,0.0
47.2,9.4,4.662
1.2000000000000002,41.2,0.0
47.2,10.2,5.052
1.2000000000000002,41.8,0.0
47.2,10.8,5.411
60.0,47.6,0.0
1.2000000000000002,42.6,0.0
47.2,11.6,5.792
1.2000000000000002,43.400000000000006,0.0
47.2,12.2,6.086
1.2000000000000002,44.0,0.0
47.2,13.0,6.501
1.2000000000000002,44.8,0.0
47.2,13.8,6.899
1.2000000000000002,45.400000000000006,0.0
47.2,14.4,7.209
60.0,48.400000000000006,0.0
1.2000000000000002,46.2,0.0
27.6,0.0,0.0
47.2,15.2,7.522
1.2000000000000002,47.0,0.0
27.6,0.8,0.345
47.2,15.8,7.942
1.2000000000000002,47.6,0.0
27.6,1.4,0.654
47.2,16.6,8.281
1.2000000000000002,48.400000000000006,0.0
27.6,2.2,1.118
47.2,17.400000000000002,8.676
1.2000000000000002,49.0,0.0
27.6,2.8000000000000003,1.438
47.2,18.0,8.955
1.2000000000000002,49.8,0.0
27.6,3.6,1.946
47.2,18.8,9.347
47.2,19.4,9.596
27.6,4.4,2.399
27.6,5.0,2.79
47.2,20.200000000000003,9.36
27.6,5.800000000000001,3.244
47.2,21.0,8.928
27.6,6.4,3.482
47.2,21.6,9.019
60.0,49.8,0.0
27.6,7.2,3.967
47.2,22.4,9.152
47.2,23.0,8.976
27.6,8.0,4.406
27.6,8.6,4.836
47.2,23.8,8.665
27.6,9.4,5.291
47.2,24.6,8.846
47.2,25.200000000000003,8.766
27.6,10.2,5.692
27.6,10.8,5.994
47.2,26.0,8.426
27.6,11.6,6.561
47.2,26.8,8.381
27.6,12.2,6.883
47.2,27.4,8.545
27.6,13.0,7.244
47.2,28.200000000000003,8.639
47.2,28.8,8.529
27.6,13.8,7.726
27.6,14.4,8.155
47.2,29.6,8.016
8.0,0.0,0.0
27.6,15.2,8.595
47.2,30.4,7.502
27.6,15.8,8.835
8.0,0.8,0.235
47.2,31.0,7.038
8.0,1.4,0.429
27.6,16.6,9.355
47.2,31.8,6.4
47.2,32.4,5.971
8.0,2.2,0.68
27.6,17.400000000000002,9.383
8.0,2.8000000000000003,0.856
27.6,18.0,9.313
47.2,33.2,5.41
8.0,3.6,1.063
27.6,18.8,9.167
47.2,34.0,4.788
27.6,19.4,8.913
8.0,4.4,1.317
47.2,34.6,4.28
67.0,0.0,0.0
8.0,5.0,1.39
27.6,20.200000000000003,8.915
47.2,35.4,3.616
47.2,36.0,3.15
8.0,5.800000000000001,1.5
27.6,21.0,8.864
67.0,0.8,0.338
8.0,6.4,1.586
27.6,21.6,8.787
47.2,36.8,2.398
67.0,1.4,0.766
8.0,7.2,1.579
27.6,22.4,8.666
47.2,37.6,1.775
27.6,23.0,8.628
8.0,8.0,1.569
47.2,38.2,1.453
67.0,2.2,1.357
8.0,8.6,1.74
27.6,23.8,8.581
47.2,39.0,0.6
47.2,39.6,0.18
8.0,9.4,1.669
27.6,24.6,8.701
67.0,3.6,2.227
27.6,25.200000000000003,8.691
8.0,10.2,1.66
47.2,40.400000000000006,0.146
67.0,4.4,2.778
8.0,10.8,1.435
27.6,26.0,8.441
47.2,41.2,0.135
47.2,41.8,0.159
8.0,11.6,1.19
27.6,26.8,8.284
67.0,5.800000000000001,3.655
8.0,12.2,1.178
27.6,27.4,8.513
47.2,42.6,0.0
67.0,7.2,4.588
8.0,13.0,1.159
27.6,28.200000000000003,8.845
47.2,43.400000000000006,0.137
27.6,28.8,8.652
8.0,13.8,1.205
47.2,44.0,0.067
67.0,8.0,5.146
8.0,14.4,1.112
27.6,29.6,8.115
47.2,44.8,0.0
47.2,45.400000000000006,0.0
8.0,15.2,1.173
27.6,30.4,7.52
67.0,9.4,6.04
8.0,15.8,0.933
27.6,31.0,6.978
47.2,46.2,0.0
67.0,10.2,6.392
8.0,16.6,0.863
27.6,31.8,6.625
47.2,47.0,0.0
27.6,32.4,6.278
8.0,17.400000000000002,0.821
47.2,47.6,0.0
67.0,11.6,6.834
8.0,18.0,1.015
27.6,33.2,5.627
47.2,48.400000000000006,0.0
47.2,49.0,0.0
8.0,18.8,0.508
27.6,34.0,5.087
67.0,13.0,6.814
8.0,19.4,0.719
27.6,34.6,4.632
47.2,49.8,0.0
67.0,13.8,6.913
8.0,20.200000000000003,0.955
27.6,35.4,3.948
67.0,14.4,6.751
27.6,36.0,3.393
8.0,21.0,0.875
67.0,15.2,6.423
67.0,15.8,6.481
8.0,21.6,0.882
27.6,36.8,2.864
67.0,16.6,6.517
67.0,17.400000000000002,6.417
8.0,22.4,0.712
27.6,37.6,2.231
67.0,18.0,6.517
8.0,23.0,0.808
27.6,38.2,1.779
67.0,18.8,6.465
8.0,23.8,0.732
27.6,39.0,1.161
67.0,19.4,6.285
27.6,39.6,0.616
8.0,24.6,0.544
67.0,20.200000000000003,6.405
8.0,25.200000000000003,0.736
27.6,40.400000000000006,0.038
67.0,21.0,6.424
8.0,26.0,0.519
27.6,41.2,0.0
67.0,21.6,6.192
27.6,41.8,0.0
8.0,26.8,0.029
67.0,22.4,6.157
8.0,27.4,0.509
27.6,42.6,0.083
67.0,23.0,6.112
8.0,28.200000000000003,0.59
27.6,43.400000000000006,0.073
67.0,23.8,6.27
8.0,28.8,0.573
27.6,44.0,0.068
67.0,24.6,6.125
8.0,29.6,0.511
27.6,44.8,0.081
67.0,25.200000000000003,5.817
27.6,45.400000000000006,0.0
8.0,30.4,0.409
67.0,26.0,5.847
8.0,31.0,0.2
27.6,46.2,0.0
67.0,26.8,5.837
8.0,31.8,0.186
27.6,47.0,0.0
67.0,27.4,5.752
8.0,32.4,0.048
27.6,47.6,0.0
67.0,28.200000000000003,5.947
8.0,33.2,0.0
27.6,48.400000000000006,0.0
67.0,28.8,5.821
27.6,49.0,0.0
8.0,34.0,0.071
67.0,29.6,5.887
8.0,34.6,0.0
27.6,49.8,0.0
67.0,30.4,5.674
8.0,35.4,0.0
67.0,31.0,5.512
8.0,36.0,0.0
67.0,31.8,5.335
8.0,36.8,0.082
67.0,32.4,4.915
8.0,37.6,0.0
67.0,33.2,4.672
8.0,38.2,0.0
67.0,34.0,4.247
8.0,39.0,0.0
67.0,34.6,3.891
8.0,39.6,0.0
67.0,35.4,3.243
8.0,40.400000000000006,0.0
67.0,36.0,2.852
8.0,41.2,0.0
67.0,36.8,2.291
8.0,41.8,0.069
67.0,37.6,1.662
8.0,42.6,0.0
67.0,38.2,1.185
8.0,43.400000000000006,0.0
67.0,39.0,0.639
8.0,44.0,0.0
67.0,39.6,0.063
8.0,44.8,0.0
67.0,40.400000000000006,0.0
8.0,45.400000000000006,0.0
67.0,41.2,0.0
8.0,46.2,0.0
67.0,41.8,0.07
8.0,47.0,0.0
67.0,42.6,0.0
8.0,47.6,0.0
67.0,43.400000000000006,0.0
8.0,48.400000000000006,0.0
67.0,44.0,0.0
8.0,49.0,0.0
67.0,44.8,0.0
8.0,49.8,0.0
67.0,45.400000000000006,0.0
67.0,46.2,0.0
67.0,47.0,0.0
67.0,47.6,0.0
67.0,48.400000000000006,0.0
67.0,49.0,0.0
67.0,49.8,0.0
79.60000000000001,48.400000000000006,0.0
73.8,0.0,0.0
73.8,0.8,0.359
73.8,1.4,0.779
73.8,2.2,1.337
79.60000000000001,49.8,0.0
73.8,2.8000000000000003,1.652
73.8,3.6,2.237
73.8,4.4,2.096
73.8,5.0,2.089
73.8,5.800000000000001,1.595
73.8,6.4,1.578
73.8,7.2,1.641
73.8,8.0,1.945
73.8,8.6,1.629
73.8,9.4,1.75
73.8,10.2,1.637
73.8,10.8,1.239
73.8,11.6,1.153
73.8,12.2,1.205
73.8,13.0,0.805
73.8,13.8,0.508
73.8,14.4,0.763
54.2,0.0,0.0
73.8,15.2,0.785
73.8,15.8,0.712
54.2,0.8,0.295
54.2,1.4,0.577
73.8,16.6,0.74
54.2,2.2,1.011
73.8,17.400000000000002,0.758
54.2,2.8000000000000003,1.402
73.8,18.0,0.709
54.2,3.6,1.733
73.8,18.8,0.438
73.8,19.4,0.679
54.2,4.4,2.204
54.2,5.0,2.453
73.8,20.200000000000003,0.643
54.2,5.800000000000001,2.917
73.8,21.0,0.433
69.2,48.400000000000006,0.0
54.2,6.4,3.135
73.8,21.6,0.49
54.2,7.2,3.646
73.8,22.4,0.639
73.8,23.0,0.445
54.2,8.0,3.991
54.2,8.6,4.354
73.8,23.8,0.586
54.2,9.4,4.805
73.8,24.6,0.529
58.8,44.0,0.0
54.2,10.2,5.145
73.8,25.200000000000003,0.459
54.2,10.8,5.488
73.8,26.0,0.309
54.2,11.6,5.848
73.8,26.8,0.045
54.2,12.2,6.249
73.8,27.4,0.194
54.2,13.0,6.598
69.2,49.8,0.0
73.8,28.200000000000003,0.0
73.8,28.8,0.0
54.2,13.8,6.959
58.8,44.8,0.0
54.2,14.4,7.323
73.8,29.6,0.18
34.6,0.0,0.0
54.2,15.2,7.778
73.8,30.4,0.026
54.2,15.8,8.079
34.6,0.8,0.406
73.8,31.0,0.0
34.6,1.4,0.681
54.2,16.6,8.506
73.8,31.8,0.106
73.8,32.4,0.0
34.6,2.2,1.276
54.2,17.400000000000002,8.875
34.6,2.8000000000000003,1.556
54.2,18.0,9.24
73.8,33.2,0.0
34.6,3.6,2.126
54.2,18.8,9.245
73.8,34.0,0.0
54.2,19.4,9.186
34.6,4.4,2.564
73.8,34.6,0.059
34.6,5.0,2.93
54.2,20.200000000000003,8.981
73.8,35.4,0.0
73.8,36.0,0.093
34.6,5.800000000000001,3.449
54.2,21.0,8.775
34.6,6.4,3.818
54.2,21.6,8.898
73.8,36.8,0.0
34.6,7.2,4.31
54.2,22.4,8.931
73.8,37.6,0.099
54.2,23.0,8.774
34.6,8.0,4.767
73.8,38.2,0.0
34.6,8.6,5.194
54.2,23.8,8.494
73.8,39.0,0.0
73.8,39.6,0.094
34.6,9.4,5.701
54.2,24.6,8.755
54.2,25.200000000000003,8.711
34.6,10.2,6.22
73.8,40.400000000000006,0.078
34.6,10.8,6.521
54.2,26.0,8.464
73.8,41.2,0.0
73.8,41.8,0.0
34.6,11.6,7.077
54.2,26.8,8.163
34.6,12.2,7.474
54.2,27.4,8.416
73.8,42.6,0.0
34.6,13.0,7.962
54.2,28.200000000000003,8.671
73.8,43.400000000000006,0.0
54.2,28.8,8.472
34.6,13.8,8.379
73.8,44.0,0.08
34.6,14.4,8.846
54.2,29.6,8.065
73.8,44.8,0.084
73.8,45.400000000000006,0.0
15.0,0.0,0.0
34.6,15.2,9.235
54.2,30.4,7.498
34.6,15.8,9.65
15.0,0.8,0.353
54.2,31.0,7.129
73.8,46.2,0.0
15.0,1.4,0.8
34.6,16.6,10.149
54.2,31.8,6.478
54.2,32.4,5.983
15.0,2.2,1.276
34.6,17.400000000000002,9.774
58.8,48.400000000000006,0.067
15.0,2.8000000000000003,1.591
34.6,18.0,9.385
54.2,33.2,5.402
73.8,47.6,0.0
15.0,3.6,2.042
34.6,18.8,9.165
54.2,34.0,4.679
34.6,19.4,9.134
15.0,4.4,2.63
54.2,34.6,4.187
73.8,49.0,0.0
15.0,5.0,2.987
34.6,20.200000000000003,8.67
54.2,35.4,3.448
54.2,36.0,2.798
15.0,5.800000000000001,3.382
34.6,21.0,8.911
15.0,6.4,3.847
34.6,21.6,9.01
54.2,36.8,1.962
15.0,7.2,4.361
34.6,22.4,9.063
54.2,37.6,1.274
34.6,23.0,8.753
15.0,8.0,4.756
54.2,38.2,0.946
15.0,8.6,5.157
34.6,23.8,8.469
54.2,39.0,0.431
54.2,39.6,0.094
15.0,9.4,5.648
34.6,24.6,8.43
58.8,49.8,0.0
34.6,25.200000000000003,8.373
15.0,10.2,6.268
54.2,40.400000000000006,0.0
15.0,10.8,6.029
34.6,26.0,8.361
54.2,41.2,0.135
54.2,41.8,0.137
15.0,11.6,5.797
34.6,26.8,8.666
15.0,12.2,5.746
34.6,27.4,8.899
54.2,42.6,0.0
15.0,13.0,5.873
34.6,28.200000000000003,9.083
54.2,43.400000000000006,0.106
34.6,28.8,8.767
15.0,13.8,5.997
54.2,44.0,0.088
15.0,14.4,5.956
34.6,29.6,8.074
54.2,44.8,0.071
54.2,45.400000000000006,0.0
15.0,15.2,6.023
34.6,30.4,7.525
15.0,15.8,5.9
34.6,31.0,7.197
54.2,46.2,0.069
15.0,16.6,5.635
34.6,31.8,6.523
54.2,47.0,0.0
34.6,32.4,6.081
15.0,17.400000000000002,5.421
54.2,47.6,0.0
15.0,18.0,5.63
34.6,33.2,5.645
54.2,48.400000000000006,0.0
54.2,49.0,0.0
15.0,18.8,5.223
34.6,34.0,4.971
15.0,19.4,5.649
34.6,34.6,4.421
54.2,49.8,0.0
15.0,20.200000000000003,5.67
34.6,35.4,3.816
34.6,36.0,3.229
15.0,21.0,5.839
15.0,21.6,5.595
34.6,36.8,2.543
15.0,22.4,5.482
34.6,37.6,1.703
15.0,23.0,5.653
34.6,38.2,1.378
15.0,23.8,5.286
34.6,39.0,1.058
34.6,39.6,0.588
15.0,24.6,5.394
68.0,32.4,4.293
15.0,25.200000000000003,5.532
34.6,40.400000000000006,0.097
15.0,26.0,5.393
34.6,41.2,0.154
34.6,41.8,0.133
15.0,26.8,4.497
15.0,27.4,4.848
34.6,42.6,0.0
15.0,28.200000000000003,5.427
34.6,43.400000000000006,0.0
15.0,28.8,5.385
34.6,44.0,0.112
15.0,29.6,5.243
34.6,44.8,0.0
34.6,45.400000000000006,0.0
15.0,30.4,5.198
15.0,31.0,4.936
34.6,46.2,0.0
15.0,31.8,4.593
34.6,47.0,0.0
15.0,32.4,4.339
34.6,47.6,0.0
15.0,33.2,3.963
34.6,48.400000000000006,0.0
34.6,49.0,0.0
15.0,34.0,3.809
15.0,34.6,3.688
34.6,49.8,0.0
15.0,35.4,3.257
15.0,36.0,2.887
15.0,36.8,2.433
15.0,37.6,1.934
15.0,38.2,1.525
15.0,39.0,0.948
15.0,39.6,0.535
15.0,40.400000000000006,0.209
15.0,41.2,0.112
15.0,41.8,0.182
15.0,42.6,0.162
15.0,43.400000000000006,0.088
15.0,44.0,0.074
77.2,15.8,0.0
15.0,44.8,0.111
15.0,45.400000000000006,0.11
15.0,46.2,0.0
15.0,47.0,0.0
15.0,47.6,0.0
15.0,48.400000000000006,0.0
15.0,49.0,0.0
15.0,49.8,0.0
78.4,48.400000000000006,0.0
61.2,0.0,0.0
61.2,0.8,0.373
61.2,1.4,0.712
61.2,2.2,1.303
61.2,2.8000000000000003,1.628
61.2,3.6,2.232
61.2,4.4,2.696
78.4,49.8,0.0
61.2,5.0,3.053
61.2,5.800000000000001,3.613
61.2,6.4,3.974
61.2,7.2,4.456
61.2,8.0,4.942
61.2,8.6,5.354
61.2,9.4,5.827
61.2,10.2,6.395
61.2,10.8,6.841
61.2,11.6,7.318
61.2,12.2,7.675
61.2,13.0,8.216
61.2,13.8,8.708
61.2,14.4,9.111
41.6,0.0,0.0
61.2,15.2,9.405
61.2,15.8,9.49
41.6,0.8,0.272
41.6,1.4,0.609
61.2,16.6,9.531
41.6,2.2,1.027
61.2,17.400000000000002,9.488
41.6,2.8000000000000003,1.333
61.2,18.0,9.329
41.6,3.6,1.779
61.2,18.8,9.341
61.2,19.4,9.425
41.6,4.4,2.29
41.6,5.0,2.558
61.2,20.200000000000003,9.419
41.6,5.800000000000001,2.944
61.2,21.0,9.311
41.6,6.4,3.294
61.2,21.6,9.36
41.6,7.2,3.775
61.2,22.4,9.355
61.2,23.0,9.255
41.6,8.0,4.165
68.0,48.400000000000006,0.0
41.6,8.6,4.516
61.2,23.8,9.241
41.6,9.4,4.943
61.2,24.6,9.212
61.2,25.200000000000003,9.132
41.6,10.2,5.326
41.6,10.8,5.659
61.2,26.0,9.065
41.6,11.6,5.993
61.2,26.8,8.845
41.6,12.2,6.396
61.2,27.4,8.613
41.6,13.0,6.824
61.2,28.200000000000003,8.424
61.2,28.8,8.496
41.6,13.8,7.266
41.6,14.4,7.487
61.2,29.6,8.112
22.0,0.0,0.0
41.6,15.2,7.912
61.2,30.4,7.487
41.6,15.8,8.322
22.0,0.8,0.267
61.2,31.0,6.971
68.0,49.8,0.0
22.0,1.4,0.626
41.6,16.6,8.757
61.2,31.8,6.448
61.2,32.4,5.963
22.0,2.2,1.059
41.6,17.400000000000002,9.121
22.0,2.8000000000000003,1.44
41.6,18.0,9.192
61.2,33.2,5.331
22.0,3.6,1.833
41.6,18.8,9.346
61.2,34.0,4.786
41.6,19.4,9.578
22.0,4.4,2.353
61.2,34.6,4.118
22.0,5.0,2.581
41.6,20.200000000000003,9.458
61.2,35.4,3.545
61.2,36.0,3.081
22.0,5.800000000000001,3.049
41.6,21.0,9.055
22.0,6.4,3.394
41.6,21.6,8.929
61.2,36.8,2.519
22.0,7.2,3.866
41.6,22.4,9.142
61.2,37.6,2.008
41.6,23.0,8.846
22.0,8.0,4.24
61.2,38.2,1.508
22.0,8.6,4.622
41.6,23.8,8.467
61.2,39.0,0.938
61.2,39.6,0.434
22.0,9.4,5.04
41.6,24.6,8.391
41.6,25.200000000000003,8.313
22.0,10.2,5.538
61.2,40.400000000000006,0.11
22.0,10.8,5.753
41.6,26.0,8.238
61.2,41.2,0.0
61.2,41.8,0.0
22.0,11.6,6.299
41.6,26.8,8.329
22.0,12.2,6.556
41.6,27.4,8.537
61.2,42.6,0.0
22.0,13.0,7.044
41.6,28.200000000000003,8.782
61.2,43.400000000000006,0.0
41.6,28.8,8.501
22.0,13.8,7.413
61.2,44.0,0.0
22.0,14.4,7.715
41.6,29.6,8.081
61.2,44.8,0.0
61.2,45.400000000000006,0.0
2.4000000000000004,0.0,0.0
22.0,15.2,8.275
41.6,30.4,7.56
22.0,15.8,8.505
2.4000000000000004,0.8,0.0
41.6,31.0,7.137
61.2,46.2,0.0
2.4000000000000004,1.4,0.0
22.0,16.6,8.981
41.6,31.8,6.578
41.6,32.4,6.09
2.4000000000000004,2.2,0.085
22.0,17.400000000000002,9.421
61.2,47.0,0.0
2.4000000000000004,2.8000000000000003,0.058
22.0,18.0,9.489
41.6,33.2,5.393
61.2,47.6,0.0
2.4000000000000004,3.6,0.0
22.0,18.8,9.266
41.6,34.0,4.705
22.0,19.4,9.309
2.4000000000000004,4.4,0.094
41.6,34.6,4.188
61.2,49.0,0.0
2.4000000000000004,5.0,0.104
22.0,20.200000000000003,9.403
41.6,35.4,3.538
41.6,36.0,3.165
2.4000000000000004,5.800000000000001,0.0
22.0,21.0,9.348
2.4000000000000004,6.4,0.08
22.0,21.6,9.336
41.6,36.8,2.631
2.4000000000000004,7.2,0.0
22.0,22.4,9.37
41.6,37.6,1.925
22.0,23.0,9.177
2.4000000000000004,8.0,0.086
41.6,38.2,1.46
2.4000000000000004,8.6,0.0
22.0,23.8,9.131
41.6,39.0,0.741
41.6,39.6,0.426
2.4000000000000004,9.4,0.0
22.0,24.6,9.09
22.0,25.200000000000003,9.133
2.4000000000000004,10.2,0.0
41.6,40.400000000000006,0.0
2.4000000000000004,10.8,0.071
22.0,26.0,9.086
41.6,41.2,0.0
41.6,41.8,0.0
2.4000000000000004,11.6,0.0
22.0,26.8,8.726
2.4000000000000004,12.2,0.0
22.0,27.4,8.558
41.6,42.6,0.0
2.4000000000000004,13.0,0.0
22.0,28.200000000000003,8.822
41.6,43.400000000000006,0.082
22.0,28.8,8.879
2.4000000000000004,13.8,0.0
41.6,44.0,0.0
2.4000000000000004,14.4,0.0
22.0,29.6,8.404
41.6,44.8,0.0
41.6,45.400000000000006,0.0
2.4000000000000004,15.2,0.0
22.0,30.4,7.872
2.4000000000000004,15.8,0.0
22.0,31.0,7.463
41.6,46.2,0.0
68.0,0.0,0.0
2.4000000000000004,16.6,0.0
22.0,31.8,6.89
41.6,47.0,0.0
22.0,32.4,6.442
2.4000000000000004,17.400000000000002,0.0
41.6,47.6,0.0
68.0,0.8,0.34
2.4000000000000004,18.0,0.098
22.0,33.2,5.944
41.6,48.400000000000006,0.0
41.6,49.0,0.0
2.4000000000000004,18.8,0.087
22.0,34.0,5.379
68.0,1.4,0.751
2.4000000000000004,19.4,0.0
22.0,34.6,4.899
41.6,49.8,0.0
68.0,2.2,1.254
2.4000000000000004,20.200000000000003,0.073
22.0,35.4,4.213
68.0,2.8000000000000003,1.707
22.0,36.0,3.741
2.4000000000000004,21.0,0.0
68.0,3.6,2.226
68.0,4.4,2.67
2.4000000000000004,21.6,0.0
22.0,36.8,3.045
68.0,5.0,3.131
68.0,5.800000000000001,3.588
2.4000000000000004,22.4,0.0
22.0,37.6,2.426
68.0,6.4,4.011
2.4000000000000004,23.0,0.0
22.0,38.2,1.866
68.0,7.2,4.482
2.4000000000000004,23.8,0.0
22.0,39.0,1.306
68.0,8.0,5.07
22.0,39.6,0.684
2.4000000000000004,24.6,0.0
68.0,8.6,5.461
2.4000000000000004,25.200000000000003,0.071
22.0,40.400000000000006,0.256
68.0,9.4,5.952
2.4000000000000004,26.0,0.0
22.0,41.2,0.0
68.0,10.2,5.866
22.0,41.8,0.0
2.4000000000000004,26.8,0.0
68.0,10.8,5.76
2.4000000000000004,27.4,0.069
22.0,42.6,0.0
68.0,11.6,6.043
2.4000000000000004,28.200000000000003,0.0
22.0,43.400000000000006,0.0
68.0,12.2,6.129
2.4000000000000004,28.8,0.079
22.0,44.0,0.0
68.0,13.0,6.039
2.4000000000000004,29.6,0.0
22.0,44.8,0.0
68.0,13.8,5.92
22.0,45.400000000000006,0.0
2.4000000000000004,30.4,0.0
68.0,14.4,5.699
2.4000000000000004,31.0,0.0
22.0,46.2,0.0
48.400000000000006,0.0,0.0
68.0,15.2,5.482
2.4000000000000004,31.8,0.0
22.0,47.0,0.0
48.400000000000006,0.8,0.266
2.4000000000000004,32.4,0.0
22.0,47.6,0.0
48.400000000000006,1.4,0.629
68.0,15.8,5.616
2.4000000000000004,33.2,0.0
22.0,48.400000000000006,0.0
48.400000000000006,2.2,1.081
22.0,49.0,0.0
2.4000000000000004,34.0,0.078
48.400000000000006,2.8000000000000003,1.434
68.0,16.6,5.676
2.4000000000000004,34.6,0.0
22.0,49.8,0.0
48.400000000000006,3.6,1.826
68.0,17.400000000000002,5.67
2.4000000000000004,35.4,0.0
48.400000000000006,4.4,2.325
68.0,18.0,5.482
2.4000000000000004,36.0,0.0
48.400000000000006,5.0,2.695
68.0,18.8,5.658
68.0,19.4,5.525
2.4000000000000004,36.8,0.0
48.400000000000006,5.800000000000001,3.077
68.0,20.200000000000003,5.595
68.0,21.0,5.606
2.4000000000000004,37.6,0.0
48.400000000000006,6.4,3.419
68.0,21.6,5.256
2.4000000000000004,38.2,0.0
48.400000000000006,7.2,3.801
68.0,22.4,5.152
2.4000000000000004,39.0,0.0
48.400000000000006,8.0,4.256
68.0,23.0,4.976
2.4000000000000004,39.6,0.0
48.400000000000006,8.6,4.671
68.0,23.8,5.06
2.4000000000000004,40.400000000000006,0.0
48.400000000000006,9.4,4.999
68.0,24.6,5.22
2.4000000000000004,41.2,0.0
48.400000000000006,10.2,5.552
68.0,25.200000000000003,4.804
2.4000000000000004,41.8,0.0
48.400000000000006,10.8,5.856
68.0,26.0,5.195
2.4000000000000004,42.6,0.0
48.400000000000006,11.6,6.279
68.0,26.8,4.919
2.4000000000000004,43.400000000000006,0.0
48.400000000000006,12.2,6.543
68.0,27.4,4.739
2.4000000000000004,44.0,0.0
48.400000000000006,13.0,7.003
68.0,28.200000000000003,5.217
2.4000000000000004,44.8,0.0
48.400000000000006,13.8,7.498
68.0,28.8,5.156
2.4000000000000004,45.400000000000006,0.0
48.400000000000006,14.4,7.767
68.0,29.6,5.079
2.4000000000000004,46.2,0.0
28.8,0.0,0.0
48.400000000000006,15.2,8.288
68.0,30.4,4.936
2.4000000000000004,47.0,0.0
28.8,0.8,0.368
48.400000000000006,15.8,8.523
2.4000000000000004,47.6,0.0
28.8,1.4,0.786
48.400000000000006,16.6,8.722
68.0,31.0,4.775
2.4000000000000004,48.400000000000006,0.0
28.8,2.2,1.356
48.400000000000006,17.400000000000002,8.926
2.4000000000000004,49.0,0.0
28.8,2.8000000000000003,1.764
48.400000000000006,18.0,9.097
68.0,31.8,4.435
2.4000000000000004,49.8,0.0
28.8,3.6,2.191
48.400000000000006,18.8,9.29
68.0,33.2,4.28
48.400000000000006,19.4,9.309
28.8,4.4,2.796
68.0,34.0,3.914
68.0,34.6,3.497
28.8,5.0,3.155
48.400000000000006,20.200000000000003,9.215
68.0,35.4,3.076
68.0,36.0,2.609
28.8,5.800000000000001,3.666
48.400000000000006,21.0,9.01
28.8,6.4,4.017
48.400000000000006,21.6,8.922
68.0,36.8,2.011
28.8,7.2,4.616
48.400000000000006,22.4,9.021
68.0,37.6,1.669
48.400000000000006,23.0,9.009
28.8,8.0,5.077
68.0,38.2,0.997
28.8,8.6,5.547
48.400000000000006,23.8,8.615
68.0,39.0,0.228
68.0,39.6,0.0
28.8,9.4,5.992
48.400000000000006,24.6,8.852
48.400000000000006,25.200000000000003,8.699
28.8,10.2,6.54
68.0,40.400000000000006,0.0
28.8,10.8,6.959
48.400000000000006,26.0,8.719
68.0,41.2,0.0
68.0,41.8,0.0
28.8,11.6,7.508
48.400000000000006,26.8,8.594
28.8,12.2,7.846
48.400000000000006,27.4,8.591
68.0,42.6,0.0
28.8,13.0,8.416
48.400000000000006,28.200000000000003,8.706
68.0,43.400000000000006,0.0
48.400000000000006,28.8,8.654
28.8,13.8,8.861
68.0,44.0,0.0
28.8,14.4,9.368
48.400000000000006,29.6,7.932
68.0,44.8,0.0
68.0,45.400000000000006,0.0
9.2,0.0,0.0
28.8,15.2,9.469
48.400000000000006,30.4,7.587
28.8,15.8,9.558
9.2,0.8,0.801
48.400000000000006,31.0,7.066
68.0,46.2,0.0
9.2,1.4,1.358
28.8,16.6,9.53
48.400000000000006,31.8,6.459
48.400000000000006,32.4,6.099
9.2,2.2,1.478
28.8,17.400000000000002,9.039
68.0,47.0,0.0
9.2,2.8000000000000003,1.669
28.8,18.0,8.995
48.400000000000006,33.2,5.271
68.0,47.6,0.0
9.2,3.6,1.912
28.8,18.8,9.168
48.400000000000006,34.0,4.565
28.8,19.4,9.189
9.2,4.4,2.054
48.400000000000006,34.6,4.015
68.0,49.0,0.0
9.2,5.0,2.195
28.8,20.200000000000003,8.829
48.400000000000006,35.4,3.436
48.400000000000006,36.0,2.881
9.2,5.800000000000001,2.335
28.8,21.0,8.854
9.2,6.4,2.474
28.8,21.6,9.168
48.400000000000006,36.8,2.38
9.2,7.2,2.568
28.8,22.4,9.07
48.400000000000006,37.6,1.638
28.8,23.0,8.69
9.2,8.0,2.48
48.400000000000006,38.2,1.103
9.2,8.6,2.595
28.8,23.8,8.533
48.400000000000006,39.0,0.346
48.400000000000006,39.6,0.051
9.2,9.4,2.587
28.8,24.6,8.562
28.8,25.200000000000003,8.458
9.2,10.2,2.623
48.400000000000006,40.400000000000006,0.067
9.2,10.8,2.276
28.8,26.0,8.219
48.400000000000006,41.2,0.0
48.400000000000006,41.8,0.0
9.2,11.6,2.166
28.8,26.8,8.368
9.2,12.2,1.984
28.8,27.4,8.537
48.400000000000006,42.6,0.0
9.2,13.0,2.172
28.8,28.200000000000003,9.011
48.400000000000006,43.400000000000006,0.0
28.8,28.8,8.633
9.2,13.8,2.084
48.400000000000006,44.0,0.0
9.2,14.4,2.06
28.8,29.6,7.958
48.400000000000006,44.8,0.0
48.400000000000006,45.400000000000006,0.072
9.2,15.2,1.943
28.8,30.4,7.564
9.2,15.8,1.897
28.8,31.0,7.101
48.400000000000006,46.2,0.0
9.2,16.6,1.878
28.8,31.8,6.63
48.400000000000006,47.0,0.0
28.8,32.4,6.188
9.2,17.400000000000002,1.617
48.400000000000006,47.6,0.066
9.2,18.0,1.663
28.8,33.2,5.531
48.400000000000006,48.400000000000006,0.0
48.400000000000006,49.0,0.0
9.2,18.8,1.798
28.8,34.0,4.89
9.2,19.4,1.68
28.8,34.6,4.433
48.400000000000006,49.8,0.0
77.2,48.400000000000006,0.0
9.2,20.200000000000003,1.782
28.8,35.4,3.728
28.8,36.0,3.123
9.2,21.0,1.919
9.2,21.6,1.791
28.8,36.8,2.292
9.2,22.4,1.614
28.8,37.6,1.661
77.2,49.0,0.0
9.2,23.0,1.539
28.8,38.2,1.472
9.2,23.8,1.691
28.8,39.0,0.91
28.8,39.6,0.529
9.2,24.6,1.38
9.2,25.200000000000003,1.677
28.8,40.400000000000006,0.096
9.2,26.0,1.541
28.8,41.2,0.127
28.8,41.8,0.0
9.2,26.8,0.839
77.2,49.8,0.0
9.2,27.4,1.355
28.8,42.6,0.133
9.2,28.200000000000003,1.421
28.8,43.400000000000006,0.066
9.2,28.8,1.552
28.8,44.0,0.0
9.2,29.6,1.573
28.8,44.8,0.0
28.8,45.400000000000006,0.0
9.2,30.4,1.364
9.2,31.0,1.22
28.8,46.2,0.0
9.2,31.8,0.925
28.8,47.0,0.0
9.2,32.4,0.621
28.8,47.6,0.082
9.2,33.2,0.534
28.8,48.400000000000006,0.0
28.8,49.0,0.0
9.2,34.0,0.379
9.2,34.6,0.0
28.8,49.8,0.0
9.2,35.4,0.13
9.2,36.0,-0.027
9.2,36.8,0.0
9.2,37.6,0.0
9.2,38.2,0.0
9.2,39.0,0.0
9.2,39.6,0.0
9.2,40.400000000000006,0.0
9.2,41.2,0.0
9.2,41.8,0.0
9.2,42.6,0.0
9.2,43.400000000000006,0.0
9.2,44.0,0.0
9.2,44.8,0.0
9.2,45.400000000000006,0.0
9.2,46.2,0.0
9.2,47.0,0.0
9.2,47.6,0.0
9.2,48.400000000000006,0.0
9.2,49.0,0.0
9.2,49.8,0.0
75.0,0.0,0.0
75.0,0.8,0.21
75.0,1.4,0.518
67.0,2.8000000000000003,1.692
75.0,2.2,0.821
75.0,2.8000000000000003,1.051
75.0,3.6,1.215
75.0,4.4,1.32
75.0,5.0,1.239
75.0,5.800000000000001,1.032
75.0,6.4,1.165
75.0,7.2,1.033
75.0,8.0,0.86
75.0,8.6,1.159
75.0,9.4,0.796
75.0,10.2,0.809
75.0,10.8,0.645
75.0,11.6,0.297
75.0,12.2,0.363
67.0,5.0,3.151
75.0,13.0,0.285
75.0,13.8,0.181
75.0,14.4,0.091
55.400000000000006,0.0,0.0
75.0,15.2,0.098
75.0,15.8,0.281
55.400000000000006,0.8,0.36
55.400000000000006,1.4,0.68
75.0,16.6,0.285
55.400000000000006,2.2,1.119
75.0,17.400000000000002,0.111
55.400000000000006,2.8000000000000003,1.432
75.0,18.0,0.152
55.400000000000006,3.6,1.868
75.0,18.8,0.122
75.0,19.4,-0.018
55.400000000000006,4.4,2.338
67.0,6.4,4.12
55.400000000000006,5.0,2.587
75.0,20.200000000000003,0.0
55.400000000000006,5.800000000000001,3.079
75.0,21.0,0.092
55.400000000000006,6.4,3.327
75.0,21.6,0.011
55.400000000000006,7.2,3.813
75.0,22.4,0.126
75.0,23.0,0.117
55.400000000000006,8.0,4.232
55.400000000000006,8.6,4.606
75.0,23.8,0.048
55.400000000000006,9.4,5.025
75.0,24.6,0.0
75.0,25.200000000000003,0.07
55.400000000000006,10.2,5.441
55.400000000000006,10.8,5.699
75.0,26.0,0.0
55.400000000000006,11.6,6.137
75.0,26.8,0.093
55.400000000000006,12.2,6.583
75.0,27.4,0.093
55.400000000000006,13.0,6.999
75.0,28.200000000000003,0.0
75.0,28.8,0.0
55.400000000000006,13.8,7.453
55.400000000000006,14.4,7.771
75.0,29.6,0.0
35.800000000000004,0.0,0.0
55.400000000000006,15.2,8.127
67.0,8.6,5.557
55.400000000000006,15.8,8.489
35.800000000000004,0.8,0.4
75.0,30.4,0.0
75.0,31.0,0.0
35.800000000000004,1.4,0.675
55.400000000000006,16.6,8.851
75.0,31.8,0.079
75.0,32.4,0.08
35.800000000000004,2.2,1.235
55.400000000000006,17.400000000000002,9.294
35.800000000000004,2.8000000000000003,1.54
55.400000000000006,18.0,9.507
75.0,33.2,0.0
35.800000000000004,3.6,2.134
55.400000000000006,18.8,9.325
75.0,34.0,0.0
55.400000000000006,19.4,9.117
35.800000000000004,4.4,2.532
75.0,34.6,0.087
35.800000000000004,5.0,2.905
55.400000000000006,20.200000000000003,8.855
75.0,35.4,0.0
75.0,36.0,0.0
35.800000000000004,5.800000000000001,3.376
55.400000000000006,21.0,8.972
35.800000000000004,6.4,3.806
55.400000000000006,21.6,8.912
75.0,36.8,0.0
35.800000000000004,7.2,4.273
55.400000000000006,22.4,8.897
75.0,37.6,0.0
55.400000000000006,23.0,8.748
35.800000000000004,8.0,4.804
75.0,38.2,0.0
35.800000000000004,8.6,5.087
55.400000000000006,23.8,8.613
75.0,39.0,0.0
75.0,39.6,0.0
35.800000000000004,9.4,5.66
55.400000000000006,24.6,8.563
55.400000000000006,25.200000000000003,8.362
35.800000000000004,10.2,6.142
75.0,40.400000000000006,0.0
35.800000000000004,10.8,6.431
55.400000000000006,26.0,8.195
75.0,41.2,0.0
67.0,10.8,6.638
35.800000000000004,11.6,6.913
55.400000000000006,26.8,8.408
75.0,41.8,0.0
35.800000000000004,12.2,7.376
55.400000000000006,27.4,8.459
75.0,42.6,0.0
35.800000000000004,13.0,7.798
55.400000000000006,28.200000000000003,8.735
75.0,43.400000000000006,0.0
55.400000000000006,28.8,8.592
35.800000000000004,13.8,8.258
75.0,44.0,0.0
35.800000000000004,14.4,8.636
55.400000000000006,29.6,7.92
75.0,44.8,0.0
75.0,45.400000000000006,0.0
16.2,0.0,0.0
35.800000000000004,15.2,9.108
55.400000000000006,30.4,7.459
35.800000000000004,15.8,9.569
16.2,0.8,0.349
55.400000000000006,31.0,6.992
75.0,46.2,0.0
16.2,1.4,0.669
35.800000000000004,16.6,10.0
55.400000000000006,31.8,6.358
55.400000000000006,32.4,5.946
16.2,2.2,1.171
35.800000000000004,17.400000000000002,9.95
75.0,47.0,0.0
16.2,2.8000000000000003,1.532
35.800000000000004,18.0,9.707
55.400000000000006,33.2,5.21
67.0,12.2,6.833
16.2,3.6,2.052
35.800000000000004,18.8,9.311
55.400000000000006,34.0,4.382
35.800000000000004,19.4,9.267
16.2,4.4,2.545
55.400000000000006,34.6,3.799
75.0,49.0,0.0
16.2,5.0,2.831
35.800000000000004,20.200000000000003,8.757
55.400000000000006,35.4,3.348
55.400000000000006,36.0,2.852
16.2,5.800000000000001,3.387
35.800000000000004,21.0,8.863
16.2,6.4,3.655
35.800000000000004,21.6,9.02
55.400000000000006,36.8,2.103
16.2,7.2,4.105
35.800000000000004,22.4,9.104
55.400000000000006,37.6,1.329
35.800000000000004,23.0,8.774
16.2,8.0,4.675
55.400000000000006,38.2,0.596
16.2,8.6,4.967
35.800000000000004,23.8,8.319
55.400000000000006,39.0,0.198
55.400000000000006,39.6,0.0
16.2,9.4,5.448
35.800000000000004,24.6,8.253
35.800000000000004,25.200000000000003,8.41
16.2,10.2,6.011
55.400000000000006,40.400000000000006,0.0
16.2,10.8,6.262
35.800000000000004,26.0,8.4
55.400000000000006,41.2,0.092
55.400000000000006,41.8,0.1
16.2,11.6,6.653
35.800000000000004,26.8,8.459
16.2,12.2,6.563
35.800000000000004,27.4,8.656
55.400000000000006,42.6,0.0
16.2,13.0,6.668
35.800000000000004,28.200000000000003,8.968
55.400000000000006,43.400000000000006,0.082
35.800000000000004,28.8,8.629
16.2,13.8,6.782
55.400000000000006,44.0,0.0
16.2,14.4,6.705
35.800000000000004,29.6,7.992
55.400000000000006,44.8,0.076
55.400000000000006,45.400000000000006,0.0
16.2,15.2,6.844
35.800000000000004,30.4,7.563
16.2,15.8,6.597
35.800000000000004,31.0,6.991
55.400000000000006,46.2,0.0
16.2,16.6,6.443
35.800000000000004,31.8,6.498
55.400000000000006,47.0,0.0
35.800000000000004,32.4,5.996
16.2,17.400000000000002,6.318
55.400000000000006,47.6,0.0
16.2,18.0,6.319
35.800000000000004,33.2,5.263
55.400000000000006,48.400000000000006,0.0
55.400000000000006,49.0,0.0
16.2,18.8,6.2
35.800000000000004,34.0,4.64
16.2,19.4,6.387
35.800000000000004,34.6,3.88
55.400000000000006,49.8,0.0
16.2,20.200000000000003,6.503
35.800000000000004,35.4,3.029
35.800000000000004,36.0,2.72
16.2,21.0,6.499
16.2,21.6,6.413
35.800000000000004,36.8,2.091
16.2,22.4,6.407
35.800000000000004,37.6,1.266
16.2,23.0,6.353
35.800000000000004,38.2,0.954
16.2,23.8,6.169
35.800000000000004,39.0,0.347
35.800000000000004,39.6,0.062
16.2,24.6,6.31
16.2,25.200000000000003,6.229
35.800000000000004,40.400000000000006,0.0
16.2,26.0,6.116
35.800000000000004,41.2,0.0
35.800000000000004,41.8,0.0
16.2,26.8,5.529
16.2,27.4,5.756
35.800000000000004,42.6,0.068
16.2,28.200000000000003,6.176
35.800000000000004,43.400000000000006,0.0
16.2,28.8,6.11
35.800000000000004,44.0,0.067
16.2,29.6,6.09
35.800000000000004,44.8,0.0
35.800000000000004,45.400000000000006,0.0
16.2,30.4,5.945
16.2,31.0,5.583
35.800000000000004,46.2,0.0
62.2,0.0,0.0
16.2,31.8,5.34
35.800000000000004,47.0,0.0
62.2,0.8,0.368
16.2,32.4,4.953
35.800000000000004,47.6,0.0
62.2,1.4,0.864
16.2,33.2,4.668
35.800000000000004,48.400000000000006,0.0
62.2,2.2,1.44
35.800000000000004,49.0,0.0
16.2,34.0,4.451
62.2,2.8000000000000003,1.897
16.2,34.6,4.34
35.800000000000004,49.8,0.0
62.2,3.6,2.437
16.2,35.4,3.863
62.2,4.4,2.997
16.2,36.0,3.478
62.2,5.0,3.452
16.2,36.8,2.775
62.2,5.800000000000001,3.966
16.2,37.6,2.179
62.2,6.4,4.42
16.2,38.2,1.736
62.2,7.2,4.907
16.2,39.0,1.087
62.2,8.0,5.522
16.2,39.6,0.637
62.2,8.6,5.954
16.2,40.400000000000006,0.292
62.2,9.4,6.469
16.2,41.2,0.237
62.2,10.2,7.13
16.2,41.8,0.154
62.2,10.8,7.519
16.2,42.6,0.138
62.2,11.6,8.031
16.2,43.400000000000006,0.157
62.2,12.2,8.445
16.2,44.0,0.198
62.2,13.0,9.073
16.2,44.8,0.101
62.2,13.8,9.499
16.2,45.400000000000006,0.154
62.2,14.4,9.535
16.2,46.2,0.0
42.6,0.0,0.0
62.2,15.2,9.516
16.2,47.0,0.113
42.6,0.8,0.258
62.2,15.8,9.301
16.2,47.6,0.0
42.6,1.4,0.656
62.2,16.6,9.405
16.2,48.400000000000006,0.0
42.6,2.2,1.034
62.2,17.400000000000002,9.166
16.2,49.0,0.0
42.6,2.8000000000000003,1.266
62.2,18.0,9.22
16.2,49.8,0.0
42.6,3.6,1.64
62.2,18.8,9.29
62.2,19.4,9.091
42.6,4.4,2.105
42.6,5.0,2.435
62.2,20.200000000000003,9.091
42.6,5.800000000000001,2.835
62.2,21.0,9.266
42.6,6.4,3.118
62.2,21.6,9.122
42.6,7.2,3.514
62.2,22.4,9.193
62.2,23.0,9.055
42.6,8.0,3.86
42.6,8.6,4.156
62.2,23.8,8.966
42.6,9.4,4.614
62.2,24.6,8.851
62.2,25.200000000000003,8.828
42.6,10.2,4.993
42.6,10.8,5.329
62.2,26.0,8.745
42.6,11.6,5.738
62.2,26.8,8.626
42.6,12.2,6.034
62.2,27.4,8.52
42.6,13.0,6.369
62.2,28.200000000000003,8.198
62.2,28.8,8.199
42.6,13.8,6.737
42.6,14.4,7.075
62.2,29.6,7.897
23.0,0.0,0.0
42.6,15.2,7.504
62.2,30.4,7.475
42.6,15.8,7.789
23.0,0.8,0.34
62.2,31.0,7.036
23.0,1.4,0.725
42.6,16.6,8.193
62.2,31.8,6.42
62.2,32.4,6.034
23.0,2.2,1.241
42.6,17.400000000000002,8.655
23.0,2.8000000000000003,1.637
42.6,18.0,8.932
62.2,33.2,5.471
23.0,3.6,2.161
42.6,18.8,9.315
62.2,34.0,4.843
42.6,19.4,9.522
23.0,4.4,2.555
62.2,34.6,4.354
23.0,5.0,2.965
42.6,20.200000000000003,9.529
62.2,35.4,3.677
62.2,36.0,3.257
23.0,5.800000000000001,3.54
42.6,21.0,9.12
23.0,6.4,3.854
42.6,21.6,8.958
62.2,36.8,2.51
23.0,7.2,4.354
42.6,22.4,9.066
62.2,37.6,1.805
42.6,23.0,9.062
23.0,8.0,4.874
62.2,38.2,1.31
23.0,8.6,5.175
42.6,23.8,8.679
62.2,39.0,0.359
62.2,39.6,0.108
23.0,9.4,5.725
42.6,24.6,8.538
42.6,25.200000000000003,8.718
23.0,10.2,6.207
62.2,40.400000000000006,0.139
23.0,10.8,6.521
42.6,26.0,8.571
62.2,41.2,0.124
62.2,41.8,0.085
23.0,11.6,7.079
42.6,26.8,8.589
23.0,12.2,7.487
42.6,27.4,8.936
62.2,42.6,0.162
23.0,13.0,7.942
42.6,28.200000000000003,8.812
62.2,43.400000000000006,0.0
42.6,28.8,8.529
23.0,13.8,8.405
62.2,44.0,0.071
23.0,14.4,8.792
42.6,29.6,8.284
62.2,44.8,0.0
62.2,45.400000000000006,0.117
3.4000000000000004,0.0,0.0
23.0,15.2,9.182
42.6,30.4,7.669
23.0,15.8,9.195
3.4000000000000004,0.8,0.079
42.6,31.0,7.182
62.2,46.2,0.0
3.4000000000000004,1.4,0.047
23.0,16.6,9.274
42.6,31.8,6.587
42.6,32.4,6.012
3.4000000000000004,2.2,0.094
23.0,17.400000000000002,9.408
62.2,47.0,0.0
3.4000000000000004,2.8000000000000003,0.073
23.0,18.0,9.405
42.6,33.2,5.297
62.2,47.6,0.068
3.4000000000000004,3.6,0.0
23.0,18.8,9.533
42.6,34.0,4.515
23.0,19.4,9.495
3.4000000000000004,4.4,0.0
42.6,34.6,4.282
62.2,49.0,0.0
3.4000000000000004,5.0,0.072
23.0,20.200000000000003,9.39
42.6,35.4,3.607
42.6,36.0,2.9
3.4000000000000004,5.800000000000001,0.0
23.0,21.0,9.507
3.4000000000000004,6.4,0.0
23.0,21.6,9.394
42.6,36.8,2.207
3.4000000000000004,7.2,0.08
23.0,22.4,9.589
42.6,37.6,1.794
23.0,23.0,9.53
3.4000000000000004,8.0,0.0
42.6,38.2,1.202
3.4000000000000004,8.6,0.0
23.0,23.8,9.417
42.6,39.0,0.599
42.6,39.6,0.276
3.4000000000000004,9.4,0.0
23.0,24.6,9.303
23.0,25.200000000000003,9.404
3.4000000000000004,10.2,0.095
42.6,40.400000000000006,0.134
3.4000000000000004,10.8,0.0
23.0,26.0,9.467
42.6,41.2,0.115
42.6,41.8,0.151
3.4000000000000004,11.6,0.0
23.0,26.8,8.874
3.4000000000000004,12.2,0.08
23.0,27.4,8.678
42.6,42.6,0.097
3.4000000000000004,13.0,0.068
23.0,28.200000000000003,8.978
42.6,43.400000000000006,0.0
23.0,28.8,8.827
3.4000000000000004,13.8,0.091
42.6,44.0,0.152
3.4000000000000004,14.4,0.0
23.0,29.6,8.302
42.6,44.8,0.0
42.6,45.400000000000006,0.0
3.4000000000000004,15.2,0.0
23.0,30.4,7.819
3.4000000000000004,15.8,0.0
23.0,31.0,7.489
42.6,46.2,0.104
3.4000000000000004,16.6,0.094
23.0,31.8,6.849
42.6,47.0,0.0
23.0,32.4,6.319
3.4000000000000004,17.400000000000002,0.0
42.6,47.6,0.0
3.4000000000000004,18.0,0.09
23.0,33.2,5.822
42.6,48.400000000000006,0.0
42.6,49.0,0.0
3.4000000000000004,18.8,0.0
23.0,34.0,5.195
3.4000000000000004,19.4,0.084
23.0,34.6,4.545
42.6,49.8,0.0
3.4000000000000004,20.200000000000003,0.0
23.0,35.4,3.977
23.0,36.0,3.498
3.4000000000000004,21.0,0.0
3.4000000000000004,21.6,0.0
23.0,36.8,2.776
3.4000000000000004,22.4,0.0
23.0,37.6,2.11
3.4000000000000004,23.0,0.0
23.0,38.2,1.594
3.4000000000000004,23.8,0.0
23.0,39.0,0.852
23.0,39.6,0.615
3.4000000000000004,24.6,0.0
3.4000000000000004,25.200000000000003,0.0
23.0,40.400000000000006,0.181
3.4000000000000004,26.0,0.0
23.0,41.2,0.156
23.0,41.8,0.071
3.4000000000000004,26.8,0.0
3.4000000000000004,27.4,0.0
23.0,42.6,0.11
3.4000000000000004,28.200000000000003,0.0
23.0,43.400000000000006,0.0
3.4000000000000004,28.8,0.0
23.0,44.0,0.0
3.4000000000000004,29.6,0.0
23.0,44.8,0.0
23.0,45.400000000000006,0.109
3.4000000000000004,30.4,0.0
3.4000000000000004,31.0,0.0
23.0,46.2,0.0
3.4000000000000004,31.8,0.071
23.0,47.0,0.0
3.4000000000000004,32.4,0.0
23.0,47.6,0.0
3.4000000000000004,33.2,0.0
23.0,48.400000000000006,0.0
23.0,49.0,0.0
3.4000000000000004,34.0,0.0
3.4000000000000004,34.6,0.0
23.0,49.8,0.0
3.4000000000000004,35.4,0.0
3.4000000000000004,36.0,0.0
3.4000000000000004,36.8,0.0
3.4000000000000004,37.6,0.0
3.4000000000000004,38.2,0.0
3.4000000000000004,39.0,0.07
3.4000000000000004,39.6,0.0
3.4000000000000004,40.400000000000006,0.0
3.4000000000000004,41.2,0.0
3.4000000000000004,41.8,0.0
3.4000000000000004,42.6,0.0
3.4000000000000004,43.400000000000006,0.0
3.4000000000000004,44.0,0.0
3.4000000000000004,44.8,0.0
3.4000000000000004,45.400000000000006,0.0
3.4000000000000004,46.2,0.0
3.4000000000000004,47.0,0.0
3.4000000000000004,47.6,0.0
3.4000000000000004,48.400000000000006,0.0
3.4000000000000004,49.0,0.0
3.4000000000000004,49.8,0.0
69.2,0.0,0.0
69.2,0.8,0.41
69.2,1.4,0.771
69.2,2.2,1.292
69.2,2.8000000000000003,1.729
69.2,3.6,2.236
69.2,4.4,2.753
69.2,5.0,3.089
69.2,5.800000000000001,3.564
69.2,6.4,4.007
69.2,7.2,4.495
69.2,8.0,5.045
69.2,8.6,5.381
69.2,9.4,5.302
69.2,10.2,5.131
69.2,10.8,4.868
69.2,11.6,5.13
69.2,12.2,4.948
69.2,13.0,4.97
69.2,13.8,5.094
69.2,14.4,4.755
49.6,0.0,0.0
69.2,15.2,4.549
69.2,15.8,4.249
49.6,0.8,0.283
49.6,1.4,0.637
69.2,16.6,4.464
49.6,2.2,0.982
69.2,17.400000000000002,4.806
49.6,2.8000000000000003,1.322
69.2,18.0,4.69
49.6,3.6,1.751
69.2,18.8,4.646
69.2,19.4,4.563
49.6,4.4,2.142
49.6,5.0,2.502
69.2,20.200000000000003,4.68
49.6,5.800000000000001,2.816
69.2,21.0,4.661
49.6,6.4,3.128
69.2,21.6,4.286
49.6,7.2,3.551
69.2,22.4,4.087
69.2,23.0,3.461
49.6,8.0,3.995
49.6,8.6,4.31
69.2,23.8,3.817
49.6,9.4,4.747
69.2,24.6,4.08
69.2,25.200000000000003,3.925
49.6,10.2,5.199
49.6,10.8,5.495
69.2,26.0,4.437
49.6,11.6,5.884
69.2,26.8,3.88
49.6,12.2,6.176
69.2,27.4,4.047
49.6,13.0,6.547
69.2,28.200000000000003,4.229
69.2,28.8,3.993
49.6,13.8,6.99
49.6,14.4,7.277
69.2,29.6,4.194
30.0,0.0,0.0
49.6,15.2,7.691
69.2,30.4,4.14
49.6,15.8,8.047
30.0,0.8,0.319
69.2,31.0,4.019
30.0,1.4,0.655
49.6,16.6,8.495
69.2,31.8,3.813
69.2,32.4,3.438
30.0,2.2,1.208
49.6,17.400000000000002,8.882
30.0,2.8000000000000003,1.496
49.6,18.0,9.193
69.2,33.2,3.552
30.0,3.6,1.917
49.6,18.8,9.314
69.2,34.0,3.395
49.6,19.4,8.941
30.0,4.4,2.38
69.2,34.6,3.131
30.0,5.0,2.762
49.6,20.200000000000003,8.608
69.2,35.4,2.885
69.2,36.0,2.575
30.0,5.800000000000001,3.287
49.6,21.0,8.621
30.0,6.4,3.609
49.6,21.6,8.497
69.2,36.8,2.056
30.0,7.2,4.024
49.6,22.4,8.53
69.2,37.6,1.542
49.6,23.0,8.505
30.0,8.0,4.574
69.2,38.2,1.179
30.0,8.6,4.837
49.6,23.8,8.734
69.2,39.0,0.54
69.2,39.6,0.111
30.0,9.4,5.372
49.6,24.6,8.735
49.6,25.200000000000003,8.577
30.0,10.2,5.83
69.2,40.400000000000006,0.167
30.0,10.8,6.175
49.6,26.0,8.405
69.2,41.2,0.087
69.2,41.8,0.105
30.0,11.6,6.561
49.6,26.8,8.214
30.0,12.2,6.955
49.6,27.4,8.435
69.2,42.6,0.117
30.0,13.0,7.354
49.6,28.200000000000003,8.687
69.2,43.400000000000006,0.0
49.6,28.8,8.621
30.0,13.8,7.826
69.2,44.0,0.088
30.0,14.4,8.234
49.6,29.6,7.905
69.2,44.8,0.085
69.2,45.400000000000006,0.0
10.4,0.0,0.0
30.0,15.2,8.747
49.6,30.4,7.51
30.0,15.8,9.01
10.4,0.8,0.267
49.6,31.0,7.02
69.2,46.2,0.0
10.4,1.4,0.636
30.0,16.6,9.502
49.6,31.8,6.429
49.6,32.4,5.937
10.4,2.2,1.033
30.0,17.400000000000002,9.267
69.2,47.0,0.0
10.4,2.8000000000000003,1.379
30.0,18.0,9.269
49.6,33.2,5.302
69.2,47.6,0.0
10.4,3.6,1.844
30.0,18.8,9.306
49.6,34.0,4.62
30.0,19.4,9.325
10.4,4.4,2.289
49.6,34.6,3.955
69.2,49.0,0.0
10.4,5.0,2.535
30.0,20.200000000000003,8.809
49.6,35.4,3.326
49.6,36.0,2.748
10.4,5.800000000000001,3.014
30.0,21.0,8.821
10.4,6.4,3.097
30.0,21.6,8.943
49.6,36.8,1.975
10.4,7.2,3.222
30.0,22.4,9.013
49.6,37.6,1.505
30.0,23.0,8.738
10.4,8.0,3.152
49.6,38.2,0.974
10.4,8.6,3.102
30.0,23.8,8.674
49.6,39.0,0.436
49.6,39.6,0.19
10.4,9.4,3.213
30.0,24.6,8.872
30.0,25.200000000000003,8.878
10.4,10.2,3.255
49.6,40.400000000000006,0.0
10.4,10.8,3.102
30.0,26.0,8.34
49.6,41.2,0.0
49.6,41.8,0.0
10.4,11.6,2.788
30.0,26.8,8.189
10.4,12.2,2.74
30.0,27.4,8.447
49.6,42.6,0.0
10.4,13.0,2.812
30.0,28.200000000000003,8.722
49.6,43.400000000000006,0.0
30.0,28.8,8.622
10.4,13.8,2.85
49.6,44.0,0.0
10.4,14.4,2.884
30.0,29.6,7.923
49.6,44.8,0.0
49.6,45.400000000000006,0.0
10.4,15.2,2.867
30.0,30.4,7.403
10.4,15.8,2.743
30.0,31.0,6.94
49.6,46.2,0.0
10.4,16.6,2.739
30.0,31.8,6.647
49.6,47.0,0.0
30.0,32.4,6.101
10.4,17.400000000000002,2.411
49.6,47.6,0.0
10.4,18.0,2.235
30.0,33.2,5.507
49.6,48.400000000000006,0.0
49.6,49.0,0.0
10.4,18.8,2.433
30.0,34.0,4.937
10.4,19.4,2.539
30.0,34.6,4.429
49.6,49.8,0.0
10.4,20.200000000000003,2.308
30.0,35.4,3.733
30.0,36.0,2.733
10.4,21.0,2.55
10.4,21.6,2.612
30.0,36.8,2.093
10.4,22.4,2.4
30.0,37.6,1.533
10.4,23.0,2.507
30.0,38.2,1.31
10.4,23.8,2.313
30.0,39.0,0.756
30.0,39.6,0.391
10.4,24.6,2.131
10.4,25.200000000000003,2.38
30.0,40.400000000000006,0.142
10.4,26.0,2.166
30.0,41.2,0.134
30.0,41.8,0.0
10.4,26.8,1.703
10.4,27.4,1.813
30.0,42.6,0.0
10.4,28.200000000000003,2.344
30.0,43.400000000000006,0.0
10.4,28.8,2.265
30.0,44.0,0.0
10.4,29.6,2.255
30.0,44.8,0.0
30.0,45.400000000000006,0.0
10.4,30.4,2.144
10.4,31.0,1.951
30.0,46.2,0.07
10.4,31.8,1.563
30.0,47.0,0.0
10.4,32.4,1.476
30.0,47.6,0.0
10.4,33.2,1.28
30.0,48.400000000000006,0.0
30.0,49.0,0.0
10.4,34.0,0.711
10.4,34.6,0.823
30.0,49.8,0.0
10.4,35.4,0.845
10.4,36.0,0.651
10.4,36.8,0.457
10.4,37.6,0.165
10.4,38.2,0.143
10.4,39.0,0.142
10.4,39.6,0.133
10.4,40.400000000000006,0.141
10.4,41.2,0.088
10.4,41.8,0.069
10.4,42.6,0.113
10.4,43.400000000000006,0.0
10.4,44.0,0.0
10.4,44.8,0.0
10.4,45.400000000000006,0.0
10.4,46.2,0.0
10.4,47.0,0.0
10.4,47.6,0.0
10.4,48.400000000000006,0.067
10.4,49.0,0.0
10.4,49.8,0.0
76.2,0.0,0.0
76.2,0.8,0.0
76.2,1.4,0.137
76.2,2.2,0.126
76.2,2.8000000000000003,0.141
76.2,3.6,0.289
76.2,4.4,0.198
76.2,5.0,0.086
76.2,5.800000000000001,0.146
76.2,6.4,0.108
76.2,7.2,0.112
76.2,8.0,0.0
76.2,8.6,0.0
76.2,9.4,0.087
76.2,10.2,0.0
76.2,10.8,0.078
76.2,11.6,0.0
76.2,12.2,0.0
76.2,13.0,0.0
76.2,13.8,0.0
76.2,14.4,0.0
56.6,0.0,0.0
76.2,15.2,0.0
76.2,15.8,0.0
56.6,0.8,0.382
56.6,1.4,0.584
76.2,16.6,0.0
56.6,2.2,1.107
76.2,17.400000000000002,0.0
56.6,2.8000000000000003,1.395
76.2,18.0,0.0
56.6,3.6,1.857
76.2,18.8,0.0
76.2,19.4,0.0
56.6,4.4,2.249
56.6,5.0,2.575
76.2,20.200000000000003,0.0
56.6,5.800000000000001,3.016
76.2,21.0,0.0
56.6,6.4,3.278
76.2,21.6,0.0
56.6,7.2,3.72
76.2,22.4,0.0
76.2,23.0,0.026
56.6,8.0,4.111
56.6,8.6,4.514
76.2,23.8,0.093
56.6,9.4,4.9
76.2,24.6,0.149
76.2,25.200000000000003,0.109
56.6,10.2,5.292
56.6,10.8,5.703
76.2,26.0,0.117
56.6,11.6,6.016
76.2,26.8,0.115
56.6,12.2,6.345
76.2,27.4,0.0
56.6,13.0,6.761
76.2,28.200000000000003,0.138
76.2,28.8,0.0
56.6,13.8,7.192
56.6,14.4,7.566
76.2,29.6,0.0
37.0,0.0,0.0
56.6,15.2,7.992
76.2,30.4,0.122
56.6,15.8,8.299
37.0,0.8,0.375
76.2,31.0,0.0
37.0,1.4,0.712
56.6,16.6,8.687
76.2,31.8,0.0
76.2,32.4,0.121
37.0,2.2,1.258
56.6,17.400000000000002,9.111
37.0,2.8000000000000003,1.6
56.6,18.0,9.423
76.2,33.2,0.078
37.0,3.6,2.036
56.6,18.8,9.149
76.2,34.0,0.0
56.6,19.4,9.263
37.0,4.4,2.513
76.2,34.6,0.087
76.2,48.400000000000006,0.0
37.0,5.0,2.884
56.6,20.200000000000003,9.11
76.2,35.4,0.0
76.2,36.0,0.0
37.0,5.800000000000001,3.413
56.6,21.0,9.112
37.0,6.4,3.701
56.6,21.6,8.961
76.2,36.8,0.0
37.0,7.2,4.247
56.6,22.4,9.082
76.2,37.6,0.096
56.6,23.0,9.271
37.0,8.0,4.767
76.2,38.2,0.0
37.0,8.6,5.037
56.6,23.8,8.915
76.2,39.0,0.0
76.2,39.6,0.0
37.0,9.4,5.532
56.6,24.6,8.719
56.6,25.200000000000003,8.747
37.0,10.2,6.124
76.2,40.400000000000006,0.0
37.0,10.8,6.386
56.6,26.0,8.674
76.2,41.2,0.0
76.2,41.8,0.0
37.0,11.6,6.925
56.6,26.8,8.678
76.2,49.8,0.0
37.0,12.2,7.305
56.6,27.4,8.583
76.2,42.6,0.0
37.0,13.0,7.778
56.6,28.200000000000003,8.724
76.2,43.400000000000006,0.0
56.6,28.8,8.397
37.0,13.8,8.198
76.2,44.0,0.0
37.0,14.4,8.663
56.6,29.6,7.887
76.2,44.8,0.0
76.2,45.400000000000006,0.068
17.400000000000002,0.0,0.0
37.0,15.2,9.046
56.6,30.4,7.296
37.0,15.8,9.454
17.400000000000002,0.8,0.329
56.6,31.0,6.849
76.2,46.2,0.0
17.400000000000002,1.4,0.748
37.0,16.6,9.943
56.6,31.8,6.262
56.6,32.4,5.885
17.400000000000002,2.2,1.166
37.0,17.400000000000002,9.982
76.2,47.0,0.0
17.400000000000002,2.8000000000000003,1.461
37.0,18.0,9.905
56.6,33.2,5.291
76.2,47.6,0.0
17.400000000000002,3.6,2.037
37.0,18.8,9.656
56.6,34.0,4.343
37.0,19.4,9.541
17.400000000000002,4.4,2.444
56.6,34.6,3.948
76.2,49.0,0.0
17.400000000000002,5.0,2.803
37.0,20.200000000000003,8.934
56.6,35.4,3.219
56.6,36.0,2.764
17.400000000000002,5.800000000000001,3.242
37.0,21.0,8.985
17.400000000000002,6.4,3.604
37.0,21.6,9.155
56.6,36.8,2.218
17.400000000000002,7.2,4.028
37.0,22.4,9.327
56.6,37.6,1.622
37.0,23.0,9.125
17.400000000000002,8.0,4.59
56.6,38.2,1.208
17.400000000000002,8.6,4.929
37.0,23.8,8.644
56.6,39.0,0.501
56.6,39.6,0.004
17.400000000000002,9.4,5.291
37.0,24.6,8.324
37.0,25.200000000000003,8.474
17.400000000000002,10.2,5.778
56.6,40.400000000000006,0.0
17.400000000000002,10.8,6.163
37.0,26.0,8.03
56.6,41.2,0.0
56.6,41.8,0.0
17.400000000000002,11.6,6.613
37.0,26.8,8.037
17.400000000000002,12.2,6.909
37.0,27.4,8.312
56.6,42.6,0.0
17.400000000000002,13.0,7.408
37.0,28.200000000000003,8.687
56.6,43.400000000000006,0.0
37.0,28.8,8.467
17.400000000000002,13.8,7.282
56.6,44.0,0.0
17.400000000000002,14.4,7.417
37.0,29.6,7.815
56.6,44.8,0.0
56.6,45.400000000000006,0.0
17.400000000000002,15.2,7.362
37.0,30.4,7.31
65.8,48.400000000000006,0.0
17.400000000000002,15.8,7.422
37.0,31.0,6.891
56.6,46.2,0.0
17.400000000000002,16.6,7.233
37.0,31.8,6.208
56.6,47.0,0.0
37.0,32.4,5.804
17.400000000000002,17.400000000000002,7.219
56.6,47.6,0.0
17.400000000000002,18.0,7.114
37.0,33.2,5.317
56.6,48.400000000000006,0.0
56.6,49.0,0.0
17.400000000000002,18.8,6.951
37.0,34.0,4.337
17.400000000000002,19.4,7.27
37.0,34.6,3.721
56.6,49.8,0.0
17.400000000000002,20.200000000000003,7.302
37.0,35.4,3.606
37.0,36.0,3.094
17.400000000000002,21.0,7.203
17.400000000000002,21.6,7.225
37.0,36.8,2.519
65.8,49.8,0.0
17.400000000000002,22.4,7.238
37.0,37.6,1.929
17.400000000000002,23.0,7.086
37.0,38.2,1.535
17.400000000000002,23.8,7.132
37.0,39.0,0.875
37.0,39.6,0.349
17.400000000000002,24.6,7.035
17.400000000000002,25.200000000000003,7.003
37.0,40.400000000000006,0.0
17.400000000000002,26.0,6.881
37.0,41.2,0.0
37.0,41.8,0.088
17.400000000000002,26.8,6.821
17.400000000000002,27.4,6.475
37.0,42.6,0.069
17.400000000000002,28.200000000000003,6.802
37.0,43.400000000000006,0.0
17.400000000000002,28.8,6.794
37.0,44.0,0.0
17.400000000000002,29.6,6.769
37.0,44.8,0.0
37.0,45.400000000000006,0.0
17.400000000000002,30.4,6.583
17.400000000000002,31.0,6.254
37.0,46.2,0.0
63.400000000000006,0.0,0.0
17.400000000000002,31.8,5.864
37.0,47.0,0.0
63.400000000000006,0.8,0.391
17.400000000000002,32.4,5.618
37.0,47.6,0.0
63.400000000000006,1.4,0.732
17.400000000000002,33.2,5.2
37.0,48.400000000000006,0.0
63.400000000000006,2.2,1.342
37.0,49.0,0.0
17.400000000000002,34.0,4.844
63.400000000000006,2.8000000000000003,1.645
17.400000000000002,34.6,4.469
37.0,49.8,0.0
63.400000000000006,3.6,2.195
17.400000000000002,35.4,3.97
63.400000000000006,4.4,2.721
17.400000000000002,36.0,3.554
63.400000000000006,5.0,3.129
17.400000000000002,36.8,2.928
63.400000000000006,5.800000000000001,3.547
17.400000000000002,37.6,2.156
63.400000000000006,6.4,4.005
17.400000000000002,38.2,1.9
63.400000000000006,7.2,4.459
17.400000000000002,39.0,1.266
63.400000000000006,8.0,5.03
17.400000000000002,39.6,0.635
63.400000000000006,8.6,5.446
17.400000000000002,40.400000000000006,0.187
63.400000000000006,9.4,5.898
17.400000000000002,41.2,0.265
63.400000000000006,10.2,6.44
17.400000000000002,41.8,0.234
63.400000000000006,10.8,6.861
17.400000000000002,42.6,0.173
63.400000000000006,11.6,7.275
17.400000000000002,43.400000000000006,0.187
63.400000000000006,12.2,7.668
17.400000000000002,44.0,0.14
63.400000000000006,13.0,8.272
17.400000000000002,44.8,0.07
63.400000000000006,13.8,8.779
17.400000000000002,45.400000000000006,0.145
63.400000000000006,14.4,9.132
17.400000000000002,46.2,0.104
43.8,0.0,0.0
63.400000000000006,15.2,9.135
17.400000000000002,47.0,0.092
43.8,0.8,0.349
63.400000000000006,15.8,8.97
17.400000000000002,47.6,0.076
43.8,1.4,0.677
63.400000000000006,16.6,8.696
17.400000000000002,48.400000000000006,0.0
43.8,2.2,1.016
63.400000000000006,17.400000000000002,8.78
17.400000000000002,49.0,0.0
43.8,2.8000000000000003,1.355
63.400000000000006,18.0,8.773
17.400000000000002,49.8,0.0
43.8,3.6,1.864
63.400000000000006,18.8,8.849
63.400000000000006,19.4,8.78
43.8,4.4,2.202
43.8,5.0,2.586
63.400000000000006,20.200000000000003,8.614
43.8,5.800000000000001,2.98
63.400000000000006,21.0,8.705
43.8,6.4,3.329
63.400000000000006,21.6,8.592
43.8,7.2,3.734
63.400000000000006,22.4,8.608
63.400000000000006,23.0,8.511
43.8,8.0,4.115
43.8,8.6,4.491
63.400000000000006,23.8,8.495
43.8,9.4,4.854
63.400000000000006,24.6,8.442
63.400000000000006,25.200000000000003,8.304
43.8,10.2,5.29
43.8,10.8,5.565
63.400000000000006,26.0,8.212
43.8,11.6,5.996
63.400000000000006,26.8,8.124
43.8,12.2,6.36
63.400000000000006,27.4,8.02
43.8,13.0,6.788
63.400000000000006,28.200000000000003,7.888
63.400000000000006,28.8,7.796
43.8,13.8,7.245
43.8,14.4,7.477
63.400000000000006,29.6,7.454
24.200000000000003,0.0,0.0
43.8,15.2,7.943
63.400000000000006,30.4,7.179
43.8,15.8,8.315
24.200000000000003,0.8,0.37
63.400000000000006,31.0,6.807
24.200000000000003,1.4,0.699
43.8,16.6,8.643
63.400000000000006,31.8,6.491
63.400000000000006,32.4,6.087
24.200000000000003,2.2,1.302
43.8,17.400000000000002,8.727
24.200000000000003,2.8000000000000003,1.671
43.8,18.0,8.692
63.400000000000006,33.2,5.424
24.200000000000003,3.6,2.096
43.8,18.8,8.925
63.400000000000006,34.0,4.848
43.8,19.4,8.987
24.200000000000003,4.4,2.602
63.400000000000006,34.6,4.429
24.200000000000003,5.0,2.98
43.8,20.200000000000003,9.012
63.400000000000006,35.4,3.683
63.400000000000006,36.0,3.206
24.200000000000003,5.800000000000001,3.414
43.8,21.0,8.536
24.200000000000003,6.4,3.784
43.8,21.6,8.53
63.400000000000006,36.8,2.707
24.200000000000003,7.2,4.375
43.8,22.4,8.685
63.400000000000006,37.6,2.039
43.8,23.0,8.628
24.200000000000003,8.0,4.83
63.400000000000006,38.2,1.51
24.200000000000003,8.6,5.219
43.8,23.8,8.321
63.400000000000006,39.0,0.798
63.400000000000006,39.6,0.339
24.200000000000003,9.4,5.74
43.8,24.6,8.269
43.8,25.200000000000003,8.322
24.200000000000003,10.2,6.158
63.400000000000006,40.400000000000006,0.0
24.200000000000003,10.8,6.614
43.8,26.0,8.533
63.400000000000006,41.2,0.108
63.400000000000006,41.8,0.0
24.200000000000003,11.6,7.06
43.8,26.8,8.434
24.200000000000003,12.2,7.466
43.8,27.4,8.493
63.400000000000006,42.6,0.07
24.200000000000003,13.0,7.928
43.8,28.200000000000003,8.62
63.400000000000006,43.400000000000006,0.0
43.8,28.8,8.497
24.200000000000003,13.8,8.381
63.400000000000006,44.0,0.0
24.200000000000003,14.4,8.803
43.8,29.6,8.021
63.400000000000006,44.8,0.0
63.400000000000006,45.400000000000006,0.0
4.6000000000000005,0.0,0.0
24.200000000000003,15.2,9.285
43.8,30.4,7.493
24.200000000000003,15.8,9.664
4.6000000000000005,0.8,0.0
43.8,31.0,6.911
63.400000000000006,46.2,0.0
4.6000000000000005,1.4,0.0
24.200000000000003,16.6,9.619
43.8,31.8,6.326
43.8,32.4,5.775
4.6000000000000005,2.2,0.0
24.200000000000003,17.400000000000002,9.497
63.400000000000006,47.0,0.071
4.6000000000000005,2.8000000000000003,0.0
24.200000000000003,18.0,9.509
43.8,33.2,5.282
63.400000000000006,47.6,0.0
4.6000000000000005,3.6,0.0
24.200000000000003,18.8,9.433
43.8,34.0,4.71
24.200000000000003,19.4,9.451
4.6000000000000005,4.4,0.0
43.8,34.6,4.329
63.400000000000006,49.0,0.0
4.6000000000000005,5.0,0.0
24.200000000000003,20.200000000000003,9.255
43.8,35.4,3.7
43.8,36.0,3.25
4.6000000000000005,5.800000000000001,0.0
24.200000000000003,21.0,9.291
4.6000000000000005,6.4,0.0
24.200000000000003,21.6,9.097
43.8,36.8,2.581
4.6000000000000005,7.2,0.0
24.200000000000003,22.4,9.162
43.8,37.6,2.006
24.200000000000003,23.0,9.115
4.6000000000000005,8.0,0.0
43.8,38.2,1.485
4.6000000000000005,8.6,0.0
24.200000000000003,23.8,9.15
43.8,39.0,0.771
43.8,39.6,0.352
4.6000000000000005,9.4,0.0
24.200000000000003,24.6,9.039
24.200000000000003,25.200000000000003,9.237
4.6000000000000005,10.2,0.0
43.8,40.400000000000006,0.157
4.6000000000000005,10.8,0.0
24.200000000000003,26.0,9.116
43.8,41.2,0.175
43.8,41.8,0.124
4.6000000000000005,11.6,0.0
24.200000000000003,26.8,8.974
4.6000000000000005,12.2,0.0
24.200000000000003,27.4,8.732
43.8,42.6,0.073
4.6000000000000005,13.0,0.0
24.200000000000003,28.200000000000003,8.987
43.8,43.400000000000006,0.072
24.200000000000003,28.8,8.833
4.6000000000000005,13.8,0.0
43.8,44.0,0.149
4.6000000000000005,14.4,0.0
24.200000000000003,29.6,8.254
43.8,44.8,0.118
43.8,45.400000000000006,0.079
4.6000000000000005,15.2,0.0
24.200000000000003,30.4,7.766
4.6000000000000005,15.8,0.0
24.200000000000003,31.0,7.295
43.8,46.2,0.0
4.6000000000000005,16.6,0.0
24.200000000000003,31.8,6.767
43.8,47.0,0.0
24.200000000000003,32.4,6.385
4.6000000000000005,17.400000000000002,0.0
43.8,47.6,0.098
4.6000000000000005,18.0,0.0
24.200000000000003,33.2,5.729
43.8,48.400000000000006,0.079
43.8,49.0,0.0
4.6000000000000005,18.8,0.0
24.200000000000003,34.0,5.13
4.6000000000000005,19.4,0.0
24.200000000000003,34.6,4.538
43.8,49.8,0.0
4.6000000000000005,20.200000000000003,0.0
24.200000000000003,35.4,3.834
24.200000000000003,36.0,3.366
4.6000000000000005,21.0,0.0
4.6000000000000005,21.6,0.0
24.200000000000003,36.8,2.817
4.6000000000000005,22.4,0.0
24.200000000000003,37.6,2.155
4.6000000000000005,23.0,0.0
24.200000000000003,38.2,1.878
4.6000000000000005,23.8,0.0
24.200000000000003,39.0,1.207
24.200000000000003,39.6,0.801
4.6000000000000005,24.6,0.0
4.6000000000000005,25.200000000000003,0.0
24.200000000000003,40.400000000000006,0.153
4.6000000000000005,26.0,0.0
24.200000000000003,41.2,0.083
24.200000000000003,41.8,0.158
4.6000000000000005,26.8,0.0
4.6000000000000005,27.4,0.0
24.200000000000003,42.6,0.167
4.6000000000000005,28.200000000000003,0.0
24.200000000000003,43.400000000000006,0.125
4.6000000000000005,28.8,0.0
24.200000000000003,44.0,0.099
4.6000000000000005,29.6,0.0
24.200000000000003,44.8,0.144
24.200000000000003,45.400000000000006,0.0
4.6000000000000005,30.4,0.0
4.6000000000000005,31.0,0.0
24.200000000000003,46.2,0.099
4.6000000000000005,31.8,0.0
24.200000000000003,47.0,0.093
4.6000000000000005,32.4,0.0
24.200000000000003,47.6,0.0
4.6000000000000005,33.2,0.0
24.200000000000003,48.400000000000006,0.0
24.200000000000003,49.0,0.0
4.6000000000000005,34.0,0.0
4.6000000000000005,34.6,0.0
24.200000000000003,49.8,0.0
4.6000000000000005,35.4,0.0
4.6000000000000005,36.0,0.0
4.6000000000000005,36.8,0.0
75.0,47.6,0.0
4.6000000000000005,37.6,0.0
4.6000000000000005,38.2,0.0
4.6000000000000005,39.0,0.0
4.6000000000000005,39.6,0.0
4.6000000000000005,40.400000000000006,0.0
75.0,48.400000000000006,0.0
4.6000000000000005,41.2,0.0
4.6000000000000005,41.8,0.0
4.6000000000000005,42.6,0.0
4.6000000000000005,43.400000000000006,0.0
4.6000000000000005,44.0,0.0
4.6000000000000005,44.8,0.0
4.6000000000000005,45.400000000000006,0.0
4.6000000000000005,46.2,0.0
4.6000000000000005,47.0,0.0
4.6000000000000005,47.6,0.0
75.0,49.8,0.0
4.6000000000000005,48.400000000000006,0.0
4.6000000000000005,49.0,0.0
4.6000000000000005,49.8,0.0
72.60000000000001,0.8,0.365
70.4,0.0,0.0
64.60000000000001,48.400000000000006,0.0
70.4,0.8,0.348
70.4,1.4,0.66
70.4,2.2,1.074
70.4,2.8000000000000003,1.421
70.4,3.6,1.878
70.4,4.4,2.274
70.4,5.0,2.555
70.4,5.800000000000001,3.023
70.4,6.4,3.31
70.4,7.2,3.753
64.60000000000001,49.8,0.0
70.4,8.0,4.136
70.4,8.6,4.523
70.4,9.4,4.898
70.4,10.2,4.47
70.4,10.8,4.204
70.4,11.6,3.984
70.4,12.2,3.98
70.4,13.0,3.838
70.4,13.8,4.003
70.4,14.4,3.972
50.8,0.0,0.0
70.4,15.2,3.529
70.4,15.8,3.358
50.8,0.8,0.253
50.8,1.4,0.669
70.4,16.6,3.515
50.8,2.2,1.072
70.4,17.400000000000002,3.504
50.8,2.8000000000000003,1.298
70.4,18.0,3.448
50.8,3.6,1.707
70.4,18.8,3.466
70.4,19.4,3.831
50.8,4.4,2.143
50.8,5.0,2.469
70.4,20.200000000000003,3.302
50.8,5.800000000000001,2.852
70.4,21.0,3.105
50.8,6.4,3.164
70.4,21.6,3.221
50.8,7.2,3.606
70.4,22.4,2.791
70.4,23.0,2.499
50.8,8.0,3.973
50.8,8.6,4.342
70.4,23.8,2.776
50.8,9.4,4.674
70.4,24.6,3.077
70.4,25.200000000000003,3.333
50.8,10.2,5.177
50.8,10.8,5.401
70.4,26.0,3.154
50.8,11.6,5.793
70.4,26.8,2.966
50.8,12.2,6.158
70.4,27.4,3.136
50.8,13.0,6.588
70.4,28.200000000000003,2.567
70.4,28.8,2.655
50.8,13.8,7.022
50.8,14.4,7.34
70.4,29.6,2.886
31.200000000000003,0.0,0.0
50.8,15.2,7.751
70.4,30.4,3.023
50.8,15.8,8.021
31.200000000000003,0.8,0.381
70.4,31.0,2.837
31.200000000000003,1.4,0.796
50.8,16.6,8.359
70.4,31.8,2.591
70.4,32.4,2.167
31.200000000000003,2.2,1.28
50.8,17.400000000000002,8.838
31.200000000000003,2.8000000000000003,1.609
50.8,18.0,9.142
70.4,33.2,2.39
31.200000000000003,3.6,2.207
50.8,18.8,9.045
70.4,34.0,2.533
50.8,19.4,8.856
31.200000000000003,4.4,2.727
70.4,34.6,2.71
31.200000000000003,5.0,3.057
50.8,20.200000000000003,8.459
70.4,35.4,2.666
70.4,36.0,2.41
31.200000000000003,5.800000000000001,3.586
50.8,21.0,8.572
31.200000000000003,6.4,3.92
50.8,21.6,8.679
70.4,36.8,1.975
31.200000000000003,7.2,4.544
50.8,22.4,8.512
70.4,37.6,1.409
50.8,23.0,8.536
31.200000000000003,8.0,5.01
70.4,38.2,0.96
31.200000000000003,8.6,5.416
50.8,23.8,8.729
70.4,39.0,0.17
70.4,39.6,0.082
31.200000000000003,9.4,5.909
50.8,24.6,8.799
50.8,25.200000000000003,8.78
31.200000000000003,10.2,6.344
70.4,40.400000000000006,0.083
31.200000000000003,10.8,6.837
50.8,26.0,8.285
70.4,41.2,0.147
70.4,41.8,0.137
31.200000000000003,11.6,7.311
50.8,26.8,8.127
31.200000000000003,12.2,7.696
50.8,27.4,8.287
70.4,42.6,0.0
31.200000000000003,13.0,8.261
50.8,28.200000000000003,8.727
70.4,43.400000000000006,0.135
50.8,28.8,8.569
31.200000000000003,13.8,8.765
70.4,44.0,0.094
31.200000000000003,14.4,9.124
50.8,29.6,8.133
70.4,44.8,0.095
70.4,45.400000000000006,0.0
11.6,0.0,0.0
31.200000000000003,15.2,9.605
50.8,30.4,7.533
31.200000000000003,15.8,9.505
11.6,0.8,0.42
50.8,31.0,7.154
70.4,46.2,0.08
11.6,1.4,0.758
31.200000000000003,16.6,9.702
50.8,31.8,6.501
50.8,32.4,5.998
11.6,2.2,1.156
31.200000000000003,17.400000000000002,9.424
70.4,47.0,0.0
11.6,2.8000000000000003,1.595
31.200000000000003,18.0,9.345
50.8,33.2,5.339
70.4,47.6,0.0
11.6,3.6,2.061
31.200000000000003,18.8,9.359
50.8,34.0,4.537
31.200000000000003,19.4,8.989
11.6,4.4,2.527
50.8,34.6,4.063
70.4,49.0,0.0
11.6,5.0,2.9
31.200000000000003,20.200000000000003,8.822
50.8,35.4,3.455
50.8,36.0,2.848
11.6,5.800000000000001,3.369
31.200000000000003,21.0,8.913
11.6,6.4,3.771
31.200000000000003,21.6,9.062
50.8,36.8,2.219
11.6,7.2,3.98
31.200000000000003,22.4,9.059
50.8,37.6,1.509
31.200000000000003,23.0,8.801
11.6,8.0,3.941
50.8,38.2,1.086
11.6,8.6,3.935
31.200000000000003,23.8,8.599
50.8,39.0,0.343
50.8,39.6,0.093
11.6,9.4,4.048
31.200000000000003,24.6,8.756
31.200000000000003,25.200000000000003,8.684
11.6,10.2,4.07
50.8,40.400000000000006,0.076
11.6,10.8,3.981
31.200000000000003,26.0,8.476
50.8,41.2,0.109
50.8,41.8,0.121
11.6,11.6,3.778
31.200000000000003,26.8,8.356
11.6,12.2,3.761
31.200000000000003,27.4,8.538
50.8,42.6,0.0
11.6,13.0,3.56
31.200000000000003,28.200000000000003,8.818
50.8,43.400000000000006,0.0
31.200000000000003,28.8,8.53
11.6,13.8,3.716
50.8,44.0,0.09
11.6,14.4,3.705
31.200000000000003,29.6,8.06
50.8,44.8,0.099
50.8,45.400000000000006,0.0
11.6,15.2,3.787
31.200000000000003,30.4,7.494
11.6,15.8,3.671
31.200000000000003,31.0,7.196
50.8,46.2,0.0
77.2,0.0,0.0
11.6,16.6,3.591
31.200000000000003,31.8,6.261
50.8,47.0,0.0
31.200000000000003,32.4,5.612
11.6,17.400000000000002,2.902
50.8,47.6,0.0
77.2,0.8,0.0
11.6,18.0,3.345
31.200000000000003,33.2,4.955
50.8,48.400000000000006,0.0
50.8,49.0,0.0
11.6,18.8,3.17
31.200000000000003,34.0,4.369
77.2,1.4,0.0
11.6,19.4,3.233
31.200000000000003,34.6,4.075
50.8,49.8,0.0
77.2,2.2,0.0
11.6,20.200000000000003,3.338
31.200000000000003,35.4,3.699
77.2,2.8000000000000003,0.0
31.200000000000003,36.0,3.461
11.6,21.0,3.417
77.2,3.6,0.0
77.2,4.4,0.0
11.6,21.6,3.513
31.200000000000003,36.8,2.703
77.2,5.0,0.0
77.2,5.800000000000001,0.0
11.6,22.4,3.355
31.200000000000003,37.6,2.197
77.2,6.4,0.0
11.6,23.0,3.345
31.200000000000003,38.2,1.562
77.2,7.2,0.0
11.6,23.8,3.105
31.200000000000003,39.0,0.885
77.2,8.0,0.0
31.200000000000003,39.6,0.492
11.6,24.6,3.069
77.2,8.6,0.0
11.6,25.200000000000003,2.987
31.200000000000003,40.400000000000006,0.189
77.2,9.4,0.0
11.6,26.0,2.945
31.200000000000003,41.2,0.233
77.2,10.2,0.0
31.200000000000003,41.8,0.248
11.6,26.8,2.499
77.2,10.8,0.0
11.6,27.4,2.677
31.200000000000003,42.6,0.166
77.2,11.6,0.0
11.6,28.200000000000003,3.153
31.200000000000003,43.400000000000006,0.175
77.2,12.2,0.0
11.6,28.8,3.046
31.200000000000003,44.0,0.128
77.2,13.0,0.0
11.6,29.6,3.014
31.200000000000003,44.8,0.133
77.2,13.8,0.0
31.200000000000003,45.400000000000006,0.0
11.6,30.4,3.023
77.2,14.4,0.0
11.6,31.0,2.743
31.200000000000003,46.2,0.094
57.6,0.0,0.0
72.60000000000001,17.400000000000002,1.497
11.6,31.8,2.373
31.200000000000003,47.0,0.126
57.6,0.8,0.371
11.6,32.4,2.218
31.200000000000003,47.6,0.0
57.6,1.4,0.687
77.2,15.2,0.0
11.6,33.2,1.945
31.200000000000003,48.400000000000006,0.095
57.6,2.2,1.061
31.200000000000003,49.0,0.0
11.6,34.0,1.826
57.6,2.8000000000000003,1.503
77.2,16.6,0.0
11.6,34.6,1.712
31.200000000000003,49.8,0.0
57.6,3.6,1.868
77.2,17.400000000000002,0.0
11.6,35.4,1.629
57.6,4.4,2.41
77.2,18.0,0.0
11.6,36.0,1.46
57.6,5.0,2.67
77.2,18.8,0.0
77.2,19.4,0.0
11.6,36.8,1.141
57.6,5.800000000000001,3.162
77.2,20.200000000000003,0.0
77.2,21.0,0.0
11.6,37.6,0.788
57.6,6.4,3.541
77.2,21.6,0.0
11.6,38.2,0.453
57.6,7.2,3.881
77.2,22.4,0.0
11.6,39.0,0.039
57.6,8.0,4.397
77.2,23.0,0.0
11.6,39.6,0.092
57.6,8.6,4.682
77.2,23.8,0.0
11.6,40.400000000000006,0.0
57.6,9.4,5.165
77.2,24.6,0.0
11.6,41.2,0.0
57.6,10.2,5.587
77.2,25.200000000000003,0.0
11.6,41.8,0.0
57.6,10.8,5.977
77.2,26.0,0.0
11.6,42.6,0.0
57.6,11.6,6.415
77.2,26.8,0.0
11.6,43.400000000000006,0.072
57.6,12.2,6.787
77.2,27.4,0.0
11.6,44.0,0.0
57.6,13.0,7.163
77.2,28.200000000000003,0.0
11.6,44.8,0.0
57.6,13.8,7.677
77.2,28.8,0.0
11.6,45.400000000000006,0.0
57.6,14.4,8.044
77.2,29.6,0.0
11.6,46.2,0.0
38.0,0.0,0.0
57.6,15.2,8.478
77.2,30.4,0.0
11.6,47.0,0.0
38.0,0.8,0.392
57.6,15.8,8.799
11.6,47.6,0.0
38.0,1.4,0.688
57.6,16.6,9.254
77.2,31.0,0.0
11.6,48.400000000000006,0.0
38.0,2.2,1.17
57.6,17.400000000000002,9.671
11.6,49.0,0.0
38.0,2.8000000000000003,1.563
57.6,18.0,9.766
77.2,31.8,0.0
11.6,49.8,0.0
38.0,3.6,1.992
57.6,18.8,9.626
77.2,33.2,0.0
57.6,19.4,9.542
38.0,4.4,2.427
77.2,34.0,0.0
73.8,47.0,0.0
38.0,5.0,2.788
57.6,20.200000000000003,9.254
77.2,34.6,0.0
77.2,35.4,0.0
38.0,5.800000000000001,3.346
57.6,21.0,9.342
77.2,36.0,0.0
38.0,6.4,3.617
57.6,21.6,9.53
77.2,36.8,0.0
38.0,7.2,4.111
57.6,22.4,9.344
77.2,37.6,0.0
57.6,23.0,9.081
38.0,8.0,4.595
77.2,38.2,0.0
38.0,8.6,4.959
57.6,23.8,9.013
77.2,39.0,0.0
77.2,39.6,0.0
38.0,9.4,5.366
57.6,24.6,8.968
57.6,25.200000000000003,8.805
38.0,10.2,5.931
77.2,40.400000000000006,0.0
38.0,10.8,6.249
57.6,26.0,8.647
77.2,41.2,0.0
77.2,41.8,0.0
38.0,11.6,6.686
57.6,26.8,8.605
73.8,48.400000000000006,0.0
38.0,12.2,7.113
57.6,27.4,8.61
77.2,42.6,0.0
38.0,13.0,7.486
57.6,28.200000000000003,8.744
77.2,43.400000000000006,0.0
57.6,28.8,8.436
38.0,13.8,8.001
77.2,44.0,0.0
38.0,14.4,8.407
57.6,29.6,7.949
77.2,44.8,0.0
77.2,45.400000000000006,0.0
18.4,0.0,0.0
38.0,15.2,8.833
57.6,30.4,7.402
38.0,15.8,9.22
18.4,0.8,0.408
57.6,31.0,7.074
77.2,46.2,0.0
18.4,1.4,0.708
38.0,16.6,9.654
57.6,31.8,6.401
57.6,32.4,5.812
18.4,2.2,1.206
38.0,17.400000000000002,9.825
77.2,47.0,0.0
18.4,2.8000000000000003,1.565
38.0,18.0,9.867
57.6,33.2,5.214
77.2,47.6,0.0
18.4,3.6,2.159
38.0,18.8,9.62
57.6,34.0,4.485
38.0,19.4,9.608
18.4,4.4,2.645
57.6,34.6,4.031
73.8,49.8,0.0
18.4,5.0,2.942
38.0,20.200000000000003,9.273
57.6,35.4,3.331
57.6,36.0,2.903
18.4,5.800000000000001,3.53
38.0,21.0,9.248
18.4,6.4,3.876
38.0,21.6,9.346
57.6,36.8,2.183
18.4,7.2,4.381
38.0,22.4,9.576
57.6,37.6,1.529
38.0,23.0,9.28
18.4,8.0,4.782
57.6,38.2,1.017
18.4,8.6,5.23
38.0,23.8,9.014
57.6,39.0,0.269
57.6,39.6,0.088
18.4,9.4,5.721
38.0,24.6,8.668
38.0,25.200000000000003,8.556
18.4,10.2,6.204
57.6,40.400000000000006,0.0
18.4,10.8,6.637
38.0,26.0,8.008
57.6,41.2,0.0
57.6,41.8,0.0
18.4,11.6,7.046
38.0,26.8,7.918
18.4,12.2,7.446
38.0,27.4,8.144
57.6,42.6,0.0
18.4,13.0,7.579
38.0,28.200000000000003,8.431
57.6,43.400000000000006,0.0
38.0,28.8,8.303
18.4,13.8,7.808
57.6,44.0,0.078
18.4,14.4,7.783
38.0,29.6,7.709
57.6,44.8,0.0
57.6,45.400000000000006,0.0
18.4,15.2,7.932
38.0,30.4,7.195
18.4,15.8,7.968
38.0,31.0,6.787
57.6,46.2,0.0
18.4,16.6,7.759
38.0,31.8,6.257
57.6,47.0,0.0
38.0,32.4,5.806
18.4,17.400000000000002,7.627
57.6,47.6,0.0
18.4,18.0,7.796
38.0,33.2,5.211
57.6,48.400000000000006,0.0
57.6,49.0,0.0
18.4,18.8,7.855
38.0,34.0,4.636
18.4,19.4,7.872
38.0,34.6,4.115
57.6,49.8,0.0
18.4,20.200000000000003,8.014
38.0,35.4,3.282
38.0,36.0,2.73
18.4,21.0,7.983
18.4,21.6,7.844
38.0,36.8,2.082
18.4,22.4,7.874
38.0,37.6,1.541
63.400000000000006,48.400000000000006,0.0
18.4,23.0,7.779
38.0,38.2,1.126
18.4,23.8,7.699
38.0,39.0,0.605
38.0,39.6,0.304
18.4,24.6,7.79
18.4,25.200000000000003,7.696
38.0,40.400000000000006,0.0
18.4,26.0,7.531
38.0,41.2,0.0
38.0,41.8,0.0
18.4,26.8,7.498
18.4,27.4,7.447
38.0,42.6,0.0
18.4,28.200000000000003,7.236
38.0,43.400000000000006,0.0
18.4,28.8,7.402
38.0,44.0,0.0
18.4,29.6,7.354
38.0,44.8,0.0
63.400000000000006,49.8,0.0
38.0,45.400000000000006,0.0
18.4,30.4,6.843
18.4,31.0,6.579
38.0,46.2,0.0
18.4,31.8,6.319
38.0,47.0,0.0
18.4,32.4,6.056
38.0,47.6,0.0
18.4,33.2,5.593
38.0,48.400000000000006,0.067
38.0,49.0,0.0
18.4,34.0,5.048
18.4,34.6,4.64
38.0,49.8,0.0
18.4,35.4,4.034
18.4,36.0,3.589
18.4,36.8,2.961
18.4,37.6,2.384
72.60000000000001,31.0,0.785
18.4,38.2,1.823
18.4,39.0,1.198
18.4,39.6,0.71
18.4,40.400000000000006,-0.054
18.4,41.2,0.0
18.4,41.8,0.0
18.4,42.6,0.0
18.4,43.400000000000006,0.0
18.4,44.0,0.0
18.4,44.8,0.0
72.60000000000001,32.4,0.696
18.4,45.400000000000006,0.0
18.4,46.2,0.0
18.4,47.0,0.0
18.4,47.6,0.0
18.4,48.400000000000006,0.0
18.4,49.0,0.0
18.4,49.8,0.0
77.2,32.4,0.0
64.60000000000001,0.0,0.0
64.60000000000001,0.8,0.34
64.60000000000001,1.4,0.812
64.60000000000001,2.2,1.266
64.60000000000001,2.8000000000000003,1.692
64.60000000000001,3.6,2.294
64.60000000000001,4.4,2.816
64.60000000000001,5.0,3.134
64.60000000000001,5.800000000000001,3.64
64.60000000000001,6.4,4.098
64.60000000000001,7.2,4.592
64.60000000000001,8.0,5.119
64.60000000000001,8.6,5.485
64.60000000000001,9.4,6.116
64.60000000000001,10.2,6.569
64.60000000000001,10.8,6.944
64.60000000000001,11.6,7.541
64.60000000000001,12.2,7.921
64.60000000000001,13.0,8.412
64.60000000000001,13.8,8.464
64.60000000000001,14.4,8.573
45.0,0.0,0.0
64.60000000000001,15.2,8.468
64.60000000000001,15.8,8.318
45.0,0.8,0.36
45.0,1.4,0.662
64.60000000000001,16.6,8.145
45.0,2.2,1.018
64.60000000000001,17.400000000000002,8.047
45.0,2.8000000000000003,1.372
64.60000000000001,18.0,8.121
45.0,3.6,1.784
64.60000000000001,18.8,8.131
64.60000000000001,19.4,8.015
45.0,4.4,2.212
45.0,5.0,2.482
64.60000000000001,20.200000000000003,8.057
45.0,5.800000000000001,2.936
64.60000000000001,21.0,7.998
45.0,6.4,3.192
64.60000000000001,21.6,7.986
45.0,7.2,3.632
64.60000000000001,22.4,7.929
64.60000000000001,23.0,7.93
45.0,8.0,4.091
45.0,8.6,4.341
64.60000000000001,23.8,8.002
45.0,9.4,4.813
64.60000000000001,24.6,7.933
64.60000000000001,25.200000000000003,7.79
45.0,10.2,5.104
45.0,10.8,5.49
64.60000000000001,26.0,7.59
45.0,11.6,5.916
64.60000000000001,26.8,7.456
45.0,12.2,6.213
64.60000000000001,27.4,7.428
45.0,13.0,6.574
64.60000000000001,28.200000000000003,7.263
64.60000000000001,28.8,7.186
45.0,13.8,6.993
45.0,14.4,7.346
64.60000000000001,29.6,6.927
25.4,0.0,0.0
45.0,15.2,7.749
64.60000000000001,30.4,6.688
45.0,15.8,8.041
25.4,0.8,0.359
64.60000000000001,31.0,6.552
25.4,1.4,0.674
45.0,16.6,8.521
64.60000000000001,31.8,6.052
64.60000000000001,32.4,5.708
25.4,2.2,1.208
45.0,17.400000000000002,8.903
25.4,2.8000000000000003,1.491
45.0,18.0,9.198
64.60000000000001,33.2,5.361
25.4,3.6,2.064
45.0,18.8,8.911
64.60000000000001,34.0,4.923
45.0,19.4,8.884
25.4,4.4,2.536
64.60000000000001,34.6,4.449
25.4,5.0,2.843
45.0,20.200000000000003,8.851
64.60000000000001,35.4,3.716
64.60000000000001,36.0,3.195
25.4,5.800000000000001,3.297
45.0,21.0,8.636
25.4,6.4,3.707
45.0,21.6,8.72
64.60000000000001,36.8,2.493
25.4,7.2,4.127
45.0,22.4,8.935
64.60000000000001,37.6,1.733
45.0,23.0,8.806
25.4,8.0,4.637
64.60000000000001,38.2,1.512
25.4,8.6,5.014
45.0,23.8,8.58
64.60000000000001,39.0,0.719
64.60000000000001,39.6,0.363
25.4,9.4,5.558
45.0,24.6,8.222
45.0,25.200000000000003,8.278
25.4,10.2,5.921
64.60000000000001,40.400000000000006,0.096
25.4,10.8,6.28
45.0,26.0,8.359
64.60000000000001,41.2,0.0
64.60000000000001,41.8,0.078
25.4,11.6,6.816
45.0,26.8,8.459
25.4,12.2,7.13
45.0,27.4,8.585
64.60000000000001,42.6,0.073
25.4,13.0,7.657
45.0,28.200000000000003,8.609
64.60000000000001,43.400000000000006,0.108
45.0,28.8,8.397
25.4,13.8,8.125
64.60000000000001,44.0,0.0
72.60000000000001,48.400000000000006,0.0
25.4,14.4,8.501
45.0,29.6,7.997
64.60000000000001,44.8,0.0
64.60000000000001,45.400000000000006,0.0
5.800000000000001,0.0,0.0
25.4,15.2,8.945
45.0,30.4,7.33
25.4,15.8,9.357
5.800000000000001,0.8,0.0
45.0,31.0,6.984
64.60000000000001,46.2,0.068
5.800000000000001,1.4,0.0
25.4,16.6,9.632
45.0,31.8,6.259
45.0,32.4,5.739
5.800000000000001,2.2,0.0
25.4,17.400000000000002,9.653
64.60000000000001,47.0,0.0
5.800000000000001,2.8000000000000003,0.0
25.4,18.0,9.755
45.0,33.2,4.873
64.60000000000001,47.6,0.0
5.800000000000001,3.6,0.018
25.4,18.8,9.775
45.0,34.0,4.249
25.4,19.4,9.811
5.800000000000001,4.4,0.006
45.0,34.6,3.636
64.60000000000001,49.0,0.0
5.800000000000001,5.0,0.221
25.4,20.200000000000003,9.68
45.0,35.4,3.055
45.0,36.0,2.657
5.800000000000001,5.800000000000001,0.32
25.4,21.0,9.612
72.60000000000001,49.8,0.0
5.800000000000001,6.4,0.354
25.4,21.6,9.472
45.0,36.8,1.961
5.800000000000001,7.2,0.224
25.4,22.4,9.32
45.0,37.6,1.331
25.4,23.0,9.224
5.800000000000001,8.0,0.364
45.0,38.2,1.153
5.800000000000001,8.6,0.449
25.4,23.8,9.215
45.0,39.0,0.603
45.0,39.6,0.184
5.800000000000001,9.4,0.441
25.4,24.6,9.042
25.4,25.200000000000003,8.983
5.800000000000001,10.2,0.27
45.0,40.400000000000006,0.078
5.800000000000001,10.8,0.042
25.4,26.0,8.794
45.0,41.2,0.103
45.0,41.8,0.0
5.800000000000001,11.6,-0.045
25.4,26.8,8.804
5.800000000000001,12.2,0.088
25.4,27.4,8.777
45.0,42.6,0.073
5.800000000000001,13.0,0.0
25.4,28.200000000000003,9.017
45.0,43.400000000000006,0.0
25.4,28.8,8.779
5.800000000000001,13.8,0.0
45.0,44.0,0.108
5.800000000000001,14.4,0.121
25.4,29.6,8.247
45.0,44.8,0.076
45.0,45.400000000000006,0.0
5.800000000000001,15.2,0.092
25.4,30.4,7.691
5.800000000000001,15.8,0.069
25.4,31.0,7.262
45.0,46.2,0.0
5.800000000000001,16.6,0.108
25.4,31.8,6.733
45.0,47.0,0.0
25.4,32.4,6.247
5.800000000000001,17.400000000000002,0.15
45.0,47.6,0.0
5.800000000000001,18.0,0.077
25.4,33.2,5.346
45.0,48.400000000000006,0.0
45.0,49.0,0.0
5.800000000000001,18.8,0.123
25.4,34.0,4.444
5.800000000000001,19.4,0.114
25.4,34.6,4.108
45.0,49.8,0.0
5.800000000000001,20.200000000000003,0.075
25.4,35.4,3.478
25.4,36.0,3.027
5.800000000000001,21.0,0.0
5.800000000000001,21.6,0.0
25.4,36.8,2.401
5.800000000000001,22.4,0.133
25.4,37.6,1.815
5.800000000000001,23.0,0.103
25.4,38.2,1.446
5.800000000000001,23.8,0.0
25.4,39.0,0.952
25.4,39.6,0.555
5.800000000000001,24.6,0.089
62.2,48.400000000000006,0.0
5.800000000000001,25.200000000000003,0.072
25.4,40.400000000000006,0.0
5.800000000000001,26.0,0.123
25.4,41.2,0.104
25.4,41.8,0.0
5.800000000000001,26.8,0.0
5.800000000000001,27.4,0.13
25.4,42.6,0.0
5.800000000000001,28.200000000000003,0.126
25.4,43.400000000000006,0.081
5.800000000000001,28.8,0.127
25.4,44.0,0.0
5.800000000000001,29.6,0.125
25.4,44.8,0.0
25.4,45.400000000000006,0.076
5.800000000000001,30.4,0.107
5.800000000000001,31.0,0.0
25.4,46.2,0.0
5.800000000000001,31.8,0.0
25.4,47.0,0.0
62.2,49.8,0.0
5.800000000000001,32.4,0.069
25.4,47.6,0.0
5.800000000000001,33.2,0.0
25.4,48.400000000000006,0.0
25.4,49.0,0.0
5.800000000000001,34.0,0.0
5.800000000000001,34.6,0.106
25.4,49.8,0.0
5.800000000000001,35.4,0.09
5.800000000000001,36.0,0.102
5.800000000000001,36.8,0.0
5.800000000000001,37.6,0.08
5.800000000000001,38.2,0.081
5.800000000000001,39.0,0.0
5.800000000000001,39.6,0.075
5.800000000000001,40.400000000000006,0.081
5.800000000000001,41.2,0.076
5.800000000000001,41.8,0.0
5.800000000000001,42.6,0.076
5.800000000000001,43.400000000000006,0.0
5.800000000000001,44.0,0.07
5.800000000000001,44.8,0.0
5.800000000000001,45.400000000000006,0.0
5.800000000000001,46.2,0.0
5.800000000000001,47.0,0.0
5.800000000000001,47.6,0.0
5.800000000000001,48.400000000000006,0.0
5.800000000000001,49.0,0.0
5.800000000000001,49.8,0.0
12.6,0.0,0.0
12.6,0.8,0.389
12.6,1.4,0.678
12.6,2.2,1.215
12.6,2.8000000000000003,1.575
12.6,3.6,2.076
12.6,4.4,2.535
71.60000000000001,0.0,0.0
12.6,5.0,2.903
71.60000000000001,0.8,0.525
12.6,5.800000000000001,3.379
71.60000000000001,1.4,0.983
12.6,6.4,3.866
71.60000000000001,2.2,1.544
12.6,7.2,4.346
71.60000000000001,2.8000000000000003,2.001
12.6,8.0,4.464
71.60000000000001,3.6,2.628
12.6,8.6,4.525
71.60000000000001,4.4,3.236
12.6,9.4,4.629
71.60000000000001,5.0,3.379
12.6,10.2,4.513
71.60000000000001,5.800000000000001,3.183
12.6,10.8,4.457
71.60000000000001,6.4,3.123
12.6,11.6,4.376
71.60000000000001,7.2,3.305
12.6,12.2,4.5
71.60000000000001,8.0,3.499
12.6,13.0,4.334
71.60000000000001,8.6,3.458
12.6,13.8,4.456
71.60000000000001,9.4,3.583
12.6,14.4,4.398
71.60000000000001,10.2,3.377
12.6,15.2,4.337
71.60000000000001,10.8,2.914
12.6,15.8,4.418
71.60000000000001,11.6,2.849
12.6,16.6,4.093
71.60000000000001,12.2,2.819
12.6,17.400000000000002,3.829
71.60000000000001,13.0,2.31
12.6,18.0,3.896
71.60000000000001,13.8,2.61
12.6,18.8,3.77
71.60000000000001,14.4,2.783
12.6,19.4,3.867
52.0,0.0,0.0
71.60000000000001,15.2,2.406
12.6,20.200000000000003,3.953
52.0,0.8,0.316
71.60000000000001,15.8,1.934
12.6,21.0,4.005
52.0,1.4,0.611
71.60000000000001,16.6,1.779
12.6,21.6,4.147
52.0,2.2,1.033
71.60000000000001,17.400000000000002,2.315
12.6,22.4,3.688
52.0,2.8000000000000003,1.258
71.60000000000001,18.0,2.003
12.6,23.0,3.974
52.0,3.6,1.687
71.60000000000001,18.8,2.037
12.6,23.8,3.715
52.0,4.4,2.072
71.60000000000001,19.4,2.502
12.6,24.6,3.808
52.0,5.0,2.401
71.60000000000001,20.200000000000003,2.263
12.6,25.200000000000003,3.54
52.0,5.800000000000001,2.737
71.60000000000001,21.0,1.917
12.6,26.0,3.721
52.0,6.4,3.121
71.60000000000001,21.6,2.363
12.6,26.8,3.485
52.0,7.2,3.539
71.60000000000001,22.4,1.954
12.6,27.4,3.294
52.0,8.0,3.833
71.60000000000001,23.0,1.533
12.6,28.200000000000003,3.609
52.0,8.6,4.242
71.60000000000001,23.8,1.616
12.6,28.8,3.862
52.0,9.4,4.569
71.60000000000001,24.6,2.018
12.6,29.6,3.762
52.0,10.2,4.998
71.60000000000001,25.200000000000003,2.216
12.6,30.4,3.69
52.0,10.8,5.289
71.60000000000001,26.0,2.157
12.6,31.0,3.422
52.0,11.6,5.733
71.60000000000001,26.8,1.578
12.6,31.8,3.129
52.0,12.2,6.045
71.60000000000001,27.4,1.806
12.6,32.4,2.873
52.0,13.0,6.345
71.60000000000001,28.200000000000003,1.264
12.6,33.2,2.503
52.0,13.8,6.84
71.60000000000001,28.8,1.299
12.6,34.0,2.544
52.0,14.4,7.057
71.60000000000001,29.6,1.427
12.6,34.6,2.431
32.4,0.0,0.0
52.0,15.2,7.458
71.60000000000001,30.4,1.609
12.6,35.4,2.247
32.4,0.8,0.368
52.0,15.8,7.808
12.6,36.0,2.104
32.4,1.4,0.871
52.0,16.6,8.211
71.60000000000001,31.0,1.592
12.6,36.8,1.715
32.4,2.2,1.417
52.0,17.400000000000002,8.522
71.60000000000001,31.8,1.419
12.6,37.6,1.243
32.4,2.8000000000000003,1.843
52.0,18.0,8.836
12.6,38.2,0.8
32.4,3.6,2.347
52.0,18.8,9.296
71.60000000000001,33.2,1.279
12.6,39.0,0.436
32.4,4.4,2.902
52.0,19.4,9.201
12.6,39.6,0.066
32.4,5.0,3.288
52.0,20.200000000000003,8.827
71.60000000000001,34.0,1.537
12.6,40.400000000000006,0.0
32.4,5.800000000000001,3.828
52.0,21.0,8.717
71.60000000000001,35.4,1.342
12.6,41.2,0.0
32.4,6.4,4.318
52.0,21.6,8.963
12.6,41.8,0.11
32.4,7.2,4.849
52.0,22.4,9.001
71.60000000000001,36.8,1.121
12.6,42.6,0.0
32.4,8.0,5.384
52.0,23.0,8.751
71.60000000000001,37.6,0.611
12.6,43.400000000000006,0.0
32.4,8.6,5.747
52.0,23.8,8.597
12.6,44.0,0.073
32.4,9.4,6.389
52.0,24.6,8.798
71.60000000000001,39.0,0.16
12.6,44.8,0.0
32.4,10.2,6.921
52.0,25.200000000000003,8.68
12.6,45.400000000000006,0.083
32.4,10.8,7.3
52.0,26.0,8.539
71.60000000000001,40.400000000000006,0.075
12.6,46.2,0.0
32.4,11.6,7.799
52.0,26.8,8.449
71.60000000000001,41.2,0.088
12.6,47.0,0.0
32.4,12.2,8.215
52.0,27.4,8.594
12.6,47.6,0.074
32.4,13.0,8.836
52.0,28.200000000000003,8.756
71.60000000000001,42.6,0.0
12.6,48.400000000000006,0.0
32.4,13.8,9.334
52.0,28.8,8.59
12.6,49.0,0.0
32.4,14.4,9.711
52.0,29.6,8.119
71.60000000000001,43.400000000000006,0.115
12.6,49.8,0.0
32.4,15.2,9.723
52.0,30.4,7.701
71.60000000000001,44.8,0.0
32.4,15.8,9.672
52.0,31.0,7.21
71.60000000000001,45.400000000000006,0.0
71.60000000000001,46.2,0.097
32.4,16.6,9.796
52.0,31.8,6.6
71.60000000000001,47.0,0.0
52.0,32.4,6.064
32.4,17.400000000000002,9.477
71.60000000000001,47.6,0.0
32.4,18.0,9.155
52.0,33.2,5.414
71.60000000000001,48.400000000000006,0.0
71.60000000000001,49.0,0.0
32.4,18.8,9.049
52.0,34.0,4.796
32.4,19.4,9.185
52.0,34.6,4.139
71.60000000000001,49.8,0.0
32.4,20.200000000000003,8.996
52.0,35.4,3.639
52.0,36.0,2.986
32.4,21.0,8.971
32.4,21.6,9.193
52.0,36.8,2.098
32.4,22.4,9.274
52.0,37.6,1.362
32.4,23.0,8.83
52.0,38.2,0.772
32.4,23.8,8.924
52.0,39.0,0.499
52.0,39.6,0.14
32.4,24.6,9.102
32.4,25.200000000000003,8.969
52.0,40.400000000000006,0.096
32.4,26.0,8.517
52.0,41.2,0.117
52.0,41.8,0.0
32.4,26.8,8.57
32.4,27.4,8.623
52.0,42.6,0.101
32.4,28.200000000000003,8.833
52.0,43.400000000000006,0.0
32.4,28.8,8.543
52.0,44.0,0.104
32.4,29.6,7.998
52.0,44.8,0.0
52.0,45.400000000000006,0.0
32.4,30.4,7.563
32.4,31.0,7.168
52.0,46.2,0.0
78.4,0.0,0.0
32.4,31.8,6.601
52.0,47.0,0.0
78.4,0.8,0.0
32.4,32.4,6.124
52.0,47.6,0.0
78.4,1.4,0.0
32.4,33.2,5.472
52.0,48.400000000000006,0.0
78.4,2.2,0.0
52.0,49.0,0.0
32.4,34.0,4.859
78.4,2.8000000000000003,0.0
32.4,34.6,4.344
52.0,49.8,0.0
78.4,3.6,0.0
32.4,35.4,3.48
78.4,4.4,0.0
32.4,36.0,3.048
78.4,5.0,0.0
32.4,36.8,2.625
78.4,5.800000000000001,0.0
32.4,37.6,2.187
78.4,6.4,0.0
32.4,38.2,1.639
78.4,7.2,0.0
32.4,39.0,0.889
78.4,8.0,0.0
32.4,39.6,0.464
78.4,8.6,0.0
32.4,40.400000000000006,0.128
78.4,9.4,0.0
32.4,41.2,0.14
78.4,10.2,0.0
32.4,41.8,0.0
78.4,10.8,0.0
32.4,42.6,0.0
78.4,11.6,0.0
32.4,43.400000000000006,0.092
78.4,12.2,0.0
32.4,44.0,0.0
78.4,13.0,0.0
32.4,44.8,0.0
78.4,13.8,0.0
32.4,45.400000000000006,0.0
78.4,14.4,0.0
32.4,46.2,0.0
58.8,0.0,0.0
78.4,15.2,0.0
32.4,47.0,0.097
58.8,0.8,0.385
78.4,15.8,0.0
32.4,47.6,0.0
58.8,1.4,0.705
78.4,16.6,0.0
32.4,48.400000000000006,0.0
58.8,2.2,1.065
78.4,17.400000000000002,0.0
32.4,49.0,0.0
58.8,2.8000000000000003,1.404
78.4,18.0,0.0
32.4,49.8,0.0
58.8,3.6,1.812
78.4,18.8,0.0
78.4,19.4,0.0
58.8,4.4,2.303
58.8,5.0,2.671
78.4,20.200000000000003,0.0
58.8,5.800000000000001,3.115
78.4,21.0,0.0
58.8,6.4,3.444
78.4,21.6,0.0
58.8,7.2,3.836
78.4,22.4,0.0
78.4,23.0,0.0
58.8,8.0,4.346
58.8,8.6,4.683
78.4,23.8,0.0
58.8,9.4,5.096
78.4,24.6,0.0
78.4,25.200000000000003,0.0
58.8,10.2,5.49
58.8,10.8,5.835
78.4,26.0,0.0
58.8,11.6,6.317
78.4,26.8,0.0
58.8,12.2,6.66
78.4,27.4,0.0
58.8,13.0,7.005
78.4,28.200000000000003,0.0
78.4,28.8,0.0
58.8,13.8,7.525
58.8,14.4,7.789
78.4,29.6,0.0
39.2,0.0,0.0
58.8,15.2,8.208
78.4,30.4,0.0
58.8,15.8,8.553
39.2,0.8,0.33
78.4,31.0,0.0
39.2,1.4,0.725
58.8,16.6,9.006
78.4,31.8,0.0
78.4,32.4,0.0
39.2,2.2,1.071
58.8,17.400000000000002,9.526
39.2,2.8000000000000003,1.416
58.8,18.0,9.592
78.4,33.2,0.0
39.2,3.6,1.89
58.8,18.8,9.614
78.4,34.0,0.0
58.8,19.4,9.517
39.2,4.4,2.376
78.4,34.6,0.0
39.2,5.0,2.607
58.8,20.200000000000003,9.39
78.4,35.4,0.0
78.4,36.0,0.0
39.2,5.800000000000001,3.049
58.8,21.0,9.453
39.2,6.4,3.41
58.8,21.6,9.561
78.4,36.8,0.0
39.2,7.2,3.894
58.8,22.4,9.379
78.4,37.6,0.0
58.8,23.0,9.228
39.2,8.0,4.369
78.4,38.2,0.0
39.2,8.6,4.659
58.8,23.8,9.167
78.4,39.0,0.0
78.4,39.6,0.0
39.2,9.4,5.029
58.8,24.6,9.232
58.8,25.200000000000003,8.982
39.2,10.2,5.531
78.4,40.400000000000006,0.0
39.2,10.8,5.819
58.8,26.0,8.777
78.4,41.2,0.0
78.4,41.8,0.0
39.2,11.6,6.254
58.8,26.8,8.773
39.2,12.2,6.65
58.8,27.4,8.74
78.4,42.6,0.0
39.2,13.0,7.079
58.8,28.200000000000003,8.675
78.4,43.400000000000006,0.0
58.8,28.8,8.562
39.2,13.8,7.456
78.4,44.0,0.0
39.2,14.4,7.839
58.8,29.6,8.066
78.4,44.8,0.0
78.4,45.400000000000006,0.0
19.6,0.0,0.0
39.2,15.2,8.307
58.8,30.4,7.382
39.2,15.8,8.673
19.6,0.8,0.321
58.8,31.0,7.055
78.4,46.2,0.0
19.6,1.4,0.743
39.2,16.6,9.007
58.8,31.8,6.311
58.8,32.4,5.979
19.6,2.2,1.19
39.2,17.400000000000002,9.45
78.4,47.0,0.0
19.6,2.8000000000000003,1.543
39.2,18.0,9.494
58.8,33.2,5.35
78.4,47.6,0.0
19.6,3.6,2.012
39.2,18.8,9.21
58.8,34.0,4.606
39.2,19.4,9.276
19.6,4.4,2.513
58.8,34.6,4.119
78.4,49.0,0.0
19.6,5.0,2.807
39.2,20.200000000000003,9.14
58.8,35.4,3.364
58.8,36.0,2.754
19.6,5.800000000000001,3.35
39.2,21.0,8.86
19.6,6.4,3.742
39.2,21.6,8.905
58.8,36.8,2.291
19.6,7.2,4.227
39.2,22.4,9.199
58.8,37.6,1.608
39.2,23.0,9.126
19.6,8.0,4.691
58.8,38.2,1.176
19.6,8.6,4.965
39.2,23.8,8.821
58.8,39.0,0.626
58.8,39.6,0.149
19.6,9.4,5.483
39.2,24.6,8.518
39.2,25.200000000000003,8.462
19.6,10.2,5.902
58.8,40.400000000000006,0.0
19.6,10.8,6.35
39.2,26.0,8.149
58.8,41.2,0.074
58.8,41.8,0.121
19.6,11.6,6.723
39.2,26.8,7.995
19.6,12.2,7.155
39.2,27.4,8.054
58.8,42.6,0.119
19.6,13.0,7.636
39.2,28.200000000000003,8.533
58.8,43.400000000000006,0.074
39.2,28.8,8.31
19.6,13.8,8.096
19.6,14.4,8.138
58.8,45.400000000000006,0.0
